<?xml version='1.0' encoding='utf-8' ?>
<Pages xmlns='http://schemas.microsoft.com/office/visio/2012/main' xmlns:r='http://schemas.openxmlformats.org/officeDocument/2006/relationships' xml:space='preserve'><Page ID='0' NameU='Page-1' Name='Page-1' ViewScale='2.0108333333333' ViewCenterX='3.0770825769743' ViewCenterY='13.227828889401'><PageSheet LineStyle='0' FillStyle='0' TextStyle='0'><Cell N='PageWidth' V='8.26771653543307'/><Cell N='PageHeight' V='11.69291338582677'/><Cell N='ShdwOffsetX' V='0.1181102362204724'/><Cell N='ShdwOffsetY' V='-0.1181102362204724'/><Cell N='PageScale' V='0.03937007874015748' U='MM'/><Cell N='DrawingScale' V='0.03937007874015748' U='MM'/><Cell N='DrawingSizeType' V='0'/><Cell N='DrawingScaleType' V='0'/><Trigger N='RecalcColor'><RefBy T='Page' ID='0'/></Trigger><Cell N='InhibitSnap' V='0'/><Cell N='PageLockReplace' V='0' U='BOOL'/><Cell N='PageLockDuplicate' V='0' U='BOOL'/><Cell N='UIVisibility' V='0'/><Cell N='ShdwType' V='0'/><Cell N='ShdwObliqueAngle' V='0'/><Cell N='ShdwScaleFactor' V='1'/><Cell N='DrawingResizeType' V='1'/><Cell N='PageShapeSplit' V='1'/><Section N='Layer'><Row IX='0'><Cell N='Name' V='Connector'/><Cell N='Color' V='255'/><Cell N='Status' V='0'/><Cell N='Visible' V='1'/><Cell N='Print' V='1'/><Cell N='Active' V='0'/><Cell N='Lock' V='0'/><Cell N='Snap' V='1'/><Cell N='Glue' V='1'/><Cell N='NameUniv' V='Connector'/><Cell N='ColorTrans' V='0'/></Row></Section></PageSheet><Rel r:id='rId1'/></Page></Pages>