<?xml version='1.0' encoding='utf-8' ?>
<PageContents xmlns='http://schemas.microsoft.com/office/visio/2012/main' xmlns:r='http://schemas.openxmlformats.org/officeDocument/2006/relationships' xml:space='preserve'><Shapes><Shape ID='1000' NameU='Line' IsCustomNameU='1' Name='Line' IsCustomName='1' Type='Shape' Master='1000'><Cell N='PinX' V='4.133858329800858' F='Inh'/><Cell N='PinY' V='10.03937016188662' F='Inh'/><Cell N='Width' V='1.535433060014428' F='GUARD(EndX-BeginX)'/><Cell N='Height' V='-2.559055021283884' F='GUARD(EndY-BeginY)'/><Cell N='LocPinX' V='0.7677165300072142' F='Inh'/><Cell N='LocPinY' V='-1.279527510641943' F='Inh'/><Cell N='BeginX' V='3.366141799793644'/><Cell N='BeginY' V='11.31889767252856'/><Cell N='EndX' V='4.901574859808072'/><Cell N='EndY' V='8.759842651244677'/><Cell N='LayerMember' V='0'/><Cell N='BegTrigger' V='1' F='_XFTRIGGER(EventXFMod)'/><Cell N='EndTrigger' V='1' F='_XFTRIGGER(EventXFMod)'/><Cell N='TxtPinY' V='-2.047244040649158' F='Inh'/><Section N='Control'><Row N='TextPosition'><Cell N='X' V='4.440892098500626E-16'/><Cell N='Y' V='-2.047244040649158'/><Cell N='YDyn' V='-2.047244040649158' F='Inh'/></Row></Section><Section N='Geometry' IX='0'><Row T='LineTo' IX='2'><Cell N='Y' V='-2.55905502128387'/></Row><Row T='LineTo' IX='3'><Cell N='X' V='1.535433060014428'/><Cell N='Y' V='-2.55905502128387'/></Row></Section></Shape><Shape ID='1036' NameU='Default' IsCustomNameU='1' Name='Default' IsCustomName='1' Type='Group' Master='1032' UniqueID='{5ECC9A71-2CF7-46F3-992D-40CB9DF26454}'><Cell N='PinX' V='4.133858329800859'/><Cell N='PinY' V='10.82677168088561'/><Cell N='Width' V='2.089075015126144'/><Cell N='Height' V='0.9842519832859011'/><Cell N='LocPinX' V='1.044537507563072' F='Inh'/><Cell N='LocPinY' V='0.4921259916429506' F='Inh'/><Section N='Connection'><Row T='Connection' IX='0'><Cell N='X' V='1.044537507563072' F='Inh'/><Cell N='Y' V='0.9842519811279681' F='Inh'/></Row></Section><Shapes><Shape ID='1037' Type='Group' MasterShape='15'><Cell N='PinX' V='1.044537507563072' F='Inh'/><Cell N='PinY' V='0.4921259916429506' F='Inh'/><Cell N='Width' V='2.089075015126144' F='Inh'/><Cell N='Height' V='0.9842519832859011' F='Inh'/><Cell N='LocPinX' V='1.044537507563072' F='Inh'/><Cell N='LocPinY' V='0.4921259916429506' F='Inh'/></Shape><Shape ID='1038' Type='Group' MasterShape='16'><Cell N='PinX' V='1.044537507563072' F='Inh'/><Cell N='PinY' V='0.4921259916429506' F='Inh'/><Cell N='Width' V='2.089075015126144' F='Inh'/><Cell N='Height' V='0.9842519832859011' F='Inh'/><Cell N='LocPinX' V='1.044537507563072' F='Inh'/><Cell N='LocPinY' V='0.4921259916429506' F='Inh'/><Shapes><Shape ID='1039' Type='Group' MasterShape='17'><Cell N='Width' V='1.892224621425357' U='MM' F='Inh'/><Cell N='Height' V='0.7194131277821214' U='MM' F='Inh'/><Section N='Control'><Row N='Correction'><Cell N='X' V='1.892224621425357' U='MM' F='Inh'/><Cell N='Y' V='0.3640542917056246' U='MM' F='Inh'/><Cell N='XDyn' V='1.892224621425357' U='MM' F='Inh'/><Cell N='YDyn' V='0.3640542917056246' U='MM' F='Inh'/></Row></Section><Text>Properties
</Text><Shapes><Shape ID='1040' Type='Shape' MasterShape='18'><Cell N='Width' V='1.892224621425357' U='MM' F='Inh'/><Cell N='Height' V='0.7194131277821214' U='MM' F='Inh'/><Section N='User'><Row N='Text'><Cell N='Value' V='Properties' U='STR' F='Inh'/></Row><Row N='HeightRatio'><Cell N='Value' V='7.190645675529036' F='Inh'/></Row><Row N='TruncText'><Cell N='Value' V='Properties' U='STR' F='Inh'/></Row><Row N='TextHeight'><Cell N='Value' V='0.2000469482421875' U='DL' F='Inh'/></Row><Row N='TruncLen'><Cell N='Value' V='35' F='Inh'/></Row><Row N='Len'><Cell N='Value' V='10' F='Inh'/></Row></Section><Section N='Field'><Row IX='0'><Cell N='Value' V='Properties' U='STR' F='Inh'/></Row></Section><Section N='Geometry' IX='0'><Row T='LineTo' IX='2'><Cell N='X' V='1.892224621425357' U='MM' F='Inh'/></Row><Row T='LineTo' IX='3'><Cell N='X' V='1.892224621425357' U='MM' F='Inh'/><Cell N='Y' V='0.7194131277821214' U='MM' F='Inh'/></Row><Row T='LineTo' IX='4'><Cell N='Y' V='0.7194131277821214' U='MM' F='Inh'/></Row></Section></Shape></Shapes></Shape><Shape ID='1041' Type='Shape' MasterShape='19'><Cell N='PinY' V='0.7194131277821214' U='MM' F='Inh'/><Cell N='Width' V='2.089075015126144' F='Inh'/></Shape><Shape ID='1042' Type='Shape' MasterShape='21'><Cell N='PinY' V='0.8518325555340113' U='MM' F='Inh'/><Cell N='Width' V='2.089075015126144' F='Inh'/></Shape></Shapes></Shape></Shapes></Shape><Shape ID='1043' NameU='VariableAction' IsCustomNameU='1' Name='VariableAction' IsCustomName='1' Type='Group' Master='1033' UniqueID='{A12176A4-2E8E-4A8A-9B22-FCBF40EBAC77}'><Cell N='PinX' V='4.133858329800857'/><Cell N='PinY' V='10.84575735930041'/><Cell N='Width' V='2.089075015126143'/><Cell N='Height' V='0.946280626456298'/><Cell N='LocPinX' V='1.044537507563071' F='Inh'/><Cell N='LocPinY' V='0.473140313228149' F='Inh'/><Section N='Connection'><Row T='Connection' IX='0'><Cell N='X' V='1.044537507563071' F='Inh'/><Cell N='Y' V='0.9462806243816155' F='Inh'/></Row></Section><Shapes><Shape ID='1044' Type='Group' MasterShape='15'><Cell N='PinX' V='1.044537507563071' F='Inh'/><Cell N='PinY' V='0.473140313228149' F='Inh'/><Cell N='Width' V='2.089075015126143' F='Inh'/><Cell N='Height' V='0.946280626456298' F='Inh'/><Cell N='LocPinX' V='1.044537507563071' F='Inh'/><Cell N='LocPinY' V='0.473140313228149' F='Inh'/></Shape><Shape ID='1045' Type='Group' MasterShape='16'><Cell N='PinX' V='1.044537507563071' F='Inh'/><Cell N='PinY' V='0.473140313228149' F='Inh'/><Cell N='Width' V='2.089075015126143' F='Inh'/><Cell N='Height' V='0.946280626456298' F='Inh'/><Cell N='LocPinX' V='1.044537507563071' F='Inh'/><Cell N='LocPinY' V='0.473140313228149' F='Inh'/><Shapes><Shape ID='1046' Type='Group' MasterShape='17'><Cell N='Width' V='1.892224621425355' U='MM' F='Inh'/><Cell N='Height' V='0.6814417709525182' U='MM' F='Inh'/><Section N='Control'><Row N='Correction'><Cell N='X' V='1.892224621425355' U='MM' F='Inh'/><Cell N='Y' V='0.1771246524872422' U='MM' F='Inh'/><Cell N='XDyn' V='1.892224621425355' U='MM' F='Inh'/><Cell N='YDyn' V='0.1771246524872422' U='MM' F='Inh'/></Row></Section><Text>test
</Text><Shapes><Shape ID='1047' Type='Shape' MasterShape='18'><Cell N='Width' V='1.892224621425355' U='MM' F='Inh'/><Cell N='Height' V='0.6814417709525182' U='MM' F='Inh'/><Section N='User'><Row N='Text'><Cell N='Value' V='test' U='STR' F='Inh'/></Row><Row N='HeightRatio'><Cell N='Value' V='6.811116080868307' F='Inh'/></Row><Row N='TruncText'><Cell N='Value' V='test' U='STR' F='Inh'/></Row><Row N='TextHeight'><Cell N='Value' V='0.1000484741210937' U='DL' F='Inh'/></Row><Row N='TruncLen'><Cell N='Value' V='20' F='Inh'/></Row><Row N='Len'><Cell N='Value' V='4' F='Inh'/></Row></Section><Section N='Field'><Row IX='0'><Cell N='Value' V='test' U='STR' F='Inh'/></Row></Section><Section N='Geometry' IX='0'><Row T='LineTo' IX='2'><Cell N='X' V='1.892224621425355' U='MM' F='Inh'/></Row><Row T='LineTo' IX='3'><Cell N='X' V='1.892224621425355' U='MM' F='Inh'/><Cell N='Y' V='0.6814417709525182' U='MM' F='Inh'/></Row><Row T='LineTo' IX='4'><Cell N='Y' V='0.6814417709525182' U='MM' F='Inh'/></Row></Section></Shape></Shapes></Shape><Shape ID='1048' Type='Shape' MasterShape='19'><Cell N='PinY' V='0.6814417709525182' U='MM' F='Inh'/><Cell N='Width' V='1.813484463945041' U='MM' F='Inh'/></Shape><Shape ID='2' Type='Foreign' MasterShape='20'><Cell N='PinY' V='0.7100601540153531' U='MM' F='Inh'/></Shape><Shape ID='1049' Type='Shape' MasterShape='21'><Cell N='PinY' V='0.8138611987044081' U='MM' F='Inh'/><Cell N='Width' V='1.813484463945041' U='MM' F='Inh'/></Shape></Shapes></Shape></Shapes></Shape><Shape ID='1060' NameU='condition' Name='condition' Type='Group' Master='1039' UniqueID='{C3D761A3-6A5A-4C12-B435-E388491F4B58}'><Cell N='PinX' V='4.133858329800857'/><Cell N='PinY' V='10.84575735930041'/><Cell N='Width' V='2.089075015126142'/><Cell N='Height' V='0.946280626456298'/><Cell N='LocPinX' V='1.044537507563071' F='Inh'/><Cell N='LocPinY' V='0.473140313228149' F='Inh'/><Section N='Connection'><Row T='Connection' IX='0'><Cell N='X' V='1.044537507563071' F='Inh'/><Cell N='Y' V='0.9462806243816155' F='Inh'/></Row></Section><Shapes><Shape ID='1061' Type='Group' MasterShape='15'><Cell N='PinX' V='1.044537507563071' F='Inh'/><Cell N='PinY' V='0.473140313228149' F='Inh'/><Cell N='Width' V='2.089075015126142' F='Inh'/><Cell N='Height' V='0.946280626456298' F='Inh'/><Cell N='LocPinX' V='1.044537507563071' F='Inh'/><Cell N='LocPinY' V='0.473140313228149' F='Inh'/></Shape><Shape ID='1062' Type='Group' MasterShape='16'><Cell N='PinX' V='1.044537507563071' F='Inh'/><Cell N='PinY' V='0.473140313228149' F='Inh'/><Cell N='Width' V='2.089075015126142' F='Inh'/><Cell N='Height' V='0.946280626456298' F='Inh'/><Cell N='LocPinX' V='1.044537507563071' F='Inh'/><Cell N='LocPinY' V='0.473140313228149' F='Inh'/><Shapes><Shape ID='1063' Type='Group' MasterShape='17'><Cell N='Width' V='1.892224621425355' U='MM' F='Inh'/><Cell N='Height' V='0.6814417709525182' U='MM' F='Inh'/><Section N='Control'><Row N='Correction'><Cell N='X' V='1.892224621425355' U='MM' F='Inh'/><Cell N='Y' V='0.1771246524872422' U='MM' F='Inh'/><Cell N='XDyn' V='1.892224621425355' U='MM' F='Inh'/><Cell N='YDyn' V='0.1771246524872422' U='MM' F='Inh'/></Row></Section><Text>Props
</Text><Shapes><Shape ID='1064' Type='Shape' MasterShape='18'><Cell N='Width' V='1.892224621425355' U='MM' F='Inh'/><Cell N='Height' V='0.6814417709525182' U='MM' F='Inh'/><Section N='User'><Row N='Text'><Cell N='Value' V='Props' U='STR' F='Inh'/></Row><Row N='HeightRatio'><Cell N='Value' V='6.811116080868307' F='Inh'/></Row><Row N='TruncText'><Cell N='Value' V='Props' U='STR' F='Inh'/></Row><Row N='TextHeight'><Cell N='Value' V='0.2000469482421875' U='DL' F='Inh'/></Row><Row N='TruncLen'><Cell N='Value' V='25' F='Inh'/></Row><Row N='Len'><Cell N='Value' V='5' F='Inh'/></Row></Section><Section N='Field'><Row IX='0'><Cell N='Value' V='Props' U='STR' F='Inh'/></Row></Section><Section N='Geometry' IX='0'><Row T='LineTo' IX='2'><Cell N='X' V='1.892224621425355' U='MM' F='Inh'/></Row><Row T='LineTo' IX='3'><Cell N='X' V='1.892224621425355' U='MM' F='Inh'/><Cell N='Y' V='0.6814417709525182' U='MM' F='Inh'/></Row><Row T='LineTo' IX='4'><Cell N='Y' V='0.6814417709525182' U='MM' F='Inh'/></Row></Section></Shape></Shapes></Shape><Shape ID='1065' Type='Shape' MasterShape='19'><Cell N='PinY' V='0.6814417709525182' U='MM' F='Inh'/><Cell N='Width' V='1.81348446394504' U='MM' F='Inh'/></Shape><Shape ID='1066' Type='Shape' MasterShape='21'><Cell N='PinY' V='0.8138611987044081' U='MM' F='Inh'/><Cell N='Width' V='1.81348446394504' U='MM' F='Inh'/></Shape></Shapes></Shape><Shape ID='1067' Type='Group' MasterShape='40'><Cell N='PinY' V='0.7100601540153531' U='MM' F='Inh'/><Shapes><Shape ID='1068' Type='Shape' MasterShape='41'/><Shape ID='1069' Type='Shape' MasterShape='42'/></Shapes></Shape></Shapes></Shape><Shape ID='1071' NameU='case' IsCustomNameU='1' Name='case' IsCustomName='1' Type='Shape' Master='1048' UniqueID='{04B8CC85-F9E4-426F-854B-7DB4CE482958}'><Cell N='PinX' V='4.133858329800859'/><Cell N='PinY' V='11.25268795865262'/></Shape><Shape ID='1100' NameU='Teams' IsCustomNameU='1' Name='Teams' IsCustomName='1' Type='Group' Master='1063' UniqueID='{BF42931D-2F5B-4543-AD0E-BFDC83666B5D}'><Cell N='PinX' V='4.133858329800859'/><Cell N='PinY' V='10.78798484588401'/><Cell N='Width' V='2.344160263550214'/><Cell N='Height' V='1.061825653289102'/><Cell N='LocPinX' V='1.172080131775107' F='Inh'/><Cell N='LocPinY' V='0.5309128266445511' F='Inh'/><Section N='Connection'><Row T='Connection' IX='0'><Cell N='X' V='1.172080131775107' F='Inh'/><Cell N='Y' V='1.061825650961092' F='Inh'/></Row></Section><Shapes><Shape ID='1101' Type='Group' MasterShape='15'><Cell N='PinX' V='1.172080131775107' F='Inh'/><Cell N='PinY' V='0.5309128266445511' F='Inh'/><Cell N='Width' V='2.344160263550214' F='Inh'/><Cell N='Height' V='1.061825653289102' F='Inh'/><Cell N='LocPinX' V='1.172080131775107' F='Inh'/><Cell N='LocPinY' V='0.5309128266445511' F='Inh'/></Shape><Shape ID='1102' Type='Group' MasterShape='16'><Cell N='PinX' V='1.172080131775107' F='Inh'/><Cell N='PinY' V='0.5309128266445511' F='Inh'/><Cell N='Width' V='2.344160263550214' F='Inh'/><Cell N='Height' V='1.061825653289102' F='Inh'/><Cell N='LocPinX' V='1.172080131775107' F='Inh'/><Cell N='LocPinY' V='0.5309128266445511' F='Inh'/><Shapes><Shape ID='1103' Type='Group' MasterShape='17'><Cell N='Width' V='2.147309869849427' U='MM' F='Inh'/><Cell N='Height' V='0.7969867977853224' U='MM' F='Inh'/><Section N='Control'><Row N='Correction'><Cell N='X' V='2.147309869849427' U='MM' F='Inh'/><Cell N='Y' V='0.2071578462196757' U='MM' F='Inh'/><Cell N='XDyn' V='2.147309869849427' U='MM' F='Inh'/><Cell N='YDyn' V='0.2071578462196757' U='MM' F='Inh'/></Row></Section><Text>properties
</Text><Shapes><Shape ID='1104' Type='Shape' MasterShape='18'><Cell N='Width' V='2.147309869849427' U='MM' F='Inh'/><Cell N='Height' V='0.7969867977853224' U='MM' F='Inh'/><Section N='User'><Row N='Text'><Cell N='Value' V='properties' U='STR' F='Inh'/></Row><Row N='HeightRatio'><Cell N='Value' V='7.966006526203377' F='Inh'/></Row><Row N='TruncText'><Cell N='Value' V='properties' U='STR' F='Inh'/></Row><Row N='TextHeight'><Cell N='Value' V='0.1000484741210937' U='DL' F='Inh'/></Row><Row N='TruncLen'><Cell N='Value' V='58' F='Inh'/></Row></Section><Section N='Field'><Row IX='0'><Cell N='Value' V='properties' U='STR' F='Inh'/></Row></Section><Section N='Geometry' IX='0'><Row T='LineTo' IX='2'><Cell N='X' V='2.147309869849427' U='MM' F='Inh'/></Row><Row T='LineTo' IX='3'><Cell N='X' V='2.147309869849427' U='MM' F='Inh'/><Cell N='Y' V='0.7969867977853224' U='MM' F='Inh'/></Row><Row T='LineTo' IX='4'><Cell N='Y' V='0.7969867977853224' U='MM' F='Inh'/></Row></Section></Shape></Shapes></Shape><Shape ID='1105' Type='Shape' MasterShape='19'><Cell N='PinY' V='0.7969867977853224' U='MM' F='Inh'/><Cell N='Width' V='2.068569712369112' U='MM' F='Inh'/></Shape><Shape ID='1106' Type='Shape' MasterShape='21'><Cell N='PinY' V='0.9294062255372123' U='MM' F='Inh'/><Cell N='Width' V='2.068569712369112' U='MM' F='Inh'/></Shape></Shapes></Shape><Shape ID='7' Type='Foreign' MasterShape='30'><Cell N='PinY' V='0.8256051808481573' U='MM' F='Inh'/></Shape></Shapes></Shape><Shape ID='1122' NameU='Scope' Name='Scope' Type='Group' Master='1069' UniqueID='{4280C554-F2F6-47E8-A17C-6C1494BDD614}'><Cell N='PinX' V='4.133858329800859'/><Cell N='PinY' V='11.16136910234034'/><Cell N='Width' V='1.606381484345977'/><Cell N='Height' V='0.3150571403764433'/><Cell N='LocPinX' V='0.8031907421729887' F='Inh'/><Cell N='LocPinY' V='0.1575285701882216' F='Inh'/><Section N='Connection'><Row T='Connection' IX='0'><Cell N='X' V='0.8031907421729887' F='Inh'/><Cell N='Y' V='0.3150571396856931' F='Inh'/></Row></Section><Shapes><Shape ID='1123' Type='Group' MasterShape='16'><Cell N='Width' V='1.606381484345977' F='Inh'/><Cell N='Height' V='0.3150571403764433' F='Inh'/><Shapes><Shape ID='1124' Type='Shape' MasterShape='31'><Cell N='PinX' V='0.8028947275094717' F='Inh'/><Cell N='PinY' V='0.1578812299455846' F='Inh'/><Cell N='Width' V='1.60578945501896' F='Inh'/><Cell N='Height' V='0.3157624598911755' F='Inh'/><Cell N='LocPinX' V='0.8028947275094798' F='Inh'/><Cell N='LocPinY' V='0.1578812299455878' F='Inh'/></Shape><Shape ID='1125' Type='Shape' MasterShape='19'><Cell N='PinY' V='0.04037576518762413' U='MM' F='Inh'/><Cell N='Width' V='1.291420854424718' U='MM' F='Inh'/></Shape><Shape ID='1126' Type='Shape' MasterShape='21'><Cell N='PinY' V='0.172795192939514' U='MM' F='Inh'/><Cell N='Width' V='1.291420854424718' U='MM' F='Inh'/></Shape><Shape ID='1127' Type='Group' MasterShape='33'><Cell N='PinY' V='0.0788366679354984' U='MM' F='Inh'/><Shapes><Shape ID='1128' Type='Shape' MasterShape='34'/><Shape ID='1129' Type='Shape' MasterShape='35'/></Shapes></Shape></Shapes></Shape></Shapes></Shape><Shape ID='1130' NameU='Compose' IsCustomNameU='1' Name='Compose' IsCustomName='1' Type='Group' Master='1072' UniqueID='{B55F59A6-F17E-4481-A2B5-C78150BD5924}'><Cell N='PinX' V='4.133858329800859'/><Cell N='PinY' V='10.91570403778949'/><Cell N='Width' V='1.606381484345977'/><Cell N='Height' V='0.806387269478141'/><Cell N='LocPinX' V='0.8031907421729887' F='Inh'/><Cell N='LocPinY' V='0.4031936347390705' F='Inh'/><Section N='Connection'><Row T='Connection' IX='0'><Cell N='X' V='0.8031907421729887' F='Inh'/><Cell N='Y' V='0.8063872677101691' F='Inh'/></Row></Section><Shapes><Shape ID='1131' Type='Group' MasterShape='16'><Cell N='Width' V='1.606381484345977' F='Inh'/><Cell N='Height' V='0.806387269478141' F='Inh'/><Shapes><Shape ID='1132' Type='Shape' MasterShape='31'><Cell N='PinX' V='0.8028947275094717' F='Inh'/><Cell N='PinY' V='0.4040962657299281' F='Inh'/><Cell N='Width' V='1.60578945501896' F='Inh'/><Cell N='Height' V='0.8081925314598724' F='Inh'/><Cell N='LocPinX' V='0.8028947275094798' F='Inh'/><Cell N='LocPinY' V='0.4040962657299362' F='Inh'/></Shape><Shape ID='1133' Type='Group' MasterShape='17'><Cell N='Width' V='1.40953109064519' U='MM' F='Inh'/><Cell N='Height' V='0.5415484139743613' U='MM' F='Inh'/><Section N='Control'><Row N='Correction'><Cell N='X' V='1.40953109064519' U='MM' F='Inh'/><Cell N='Y' V='0.1407626868780687' U='MM' F='Inh'/><Cell N='XDyn' V='1.40953109064519' U='MM' F='Inh'/><Cell N='YDyn' V='0.1407626868780687' U='MM' F='Inh'/></Row></Section><Text>Props
</Text><Shapes><Shape ID='1134' Type='Shape' MasterShape='18'><Cell N='Width' V='1.40953109064519' U='MM' F='Inh'/><Cell N='Height' V='0.5415484139743613' U='MM' F='Inh'/><Section N='User'><Row N='Text'><Cell N='Value' V='Props' U='STR' F='Inh'/></Row><Row N='HeightRatio'><Cell N='Value' V='5.412860303285563' F='Inh'/></Row><Row N='TruncText'><Cell N='Value' V='Props' U='STR' F='Inh'/></Row><Row N='TruncLen'><Cell N='Value' V='20' F='Inh'/></Row><Row N='Len'><Cell N='Value' V='5' F='Inh'/></Row></Section><Section N='Field'><Row IX='0'><Cell N='Value' V='Props' U='STR' F='Inh'/></Row></Section><Section N='Geometry' IX='0'><Row T='LineTo' IX='2'><Cell N='X' V='1.40953109064519' U='MM' F='Inh'/></Row><Row T='LineTo' IX='3'><Cell N='X' V='1.40953109064519' U='MM' F='Inh'/><Cell N='Y' V='0.5415484139743613' U='MM' F='Inh'/></Row><Row T='LineTo' IX='4'><Cell N='Y' V='0.5415484139743613' U='MM' F='Inh'/></Row></Section></Shape></Shapes></Shape><Shape ID='1135' Type='Shape' MasterShape='19'><Cell N='PinY' V='0.5317058942893219' U='MM' F='Inh'/><Cell N='Width' V='1.291420854424718' U='MM' F='Inh'/></Shape><Shape ID='1136' Type='Shape' MasterShape='21'><Cell N='PinY' V='0.6641253220412118' U='MM' F='Inh'/><Cell N='Width' V='1.291420854424718' U='MM' F='Inh'/></Shape><Shape ID='9' Type='Foreign' MasterShape='33'><Cell N='PinY' V='0.5701667970371961' U='MM' F='Inh'/></Shape></Shapes></Shape></Shapes></Shape><Shape ID='1144' NameU='Flow' Name='Flow' Type='Group' Master='1076' UniqueID='{F0B0EB62-6C7A-44E5-B383-F64373E0AC52}'><Cell N='PinX' V='4.133858329800859'/><Cell N='PinY' V='10.86517658268917'/><Cell N='Width' V='1.606381484345977'/><Cell N='Height' V='0.9074421796787896'/><Cell N='LocPinX' V='0.8031907421729884' F='Inh'/><Cell N='LocPinY' V='0.4537210898393948' F='Inh'/><Section N='Connection'><Row T='Connection' IX='0'><Cell N='X' V='0.8031907421729884' F='Inh'/><Cell N='Y' V='0.9074421776892589' F='Inh'/></Row></Section><Shapes><Shape ID='1145' NameU='Flow' IsCustomNameU='1' Name='Flow' IsCustomName='1' Type='Group' MasterShape='16'><Cell N='Width' V='1.606381484345977' F='Inh'/><Cell N='Height' V='0.9074421796787896' F='Inh'/><Shapes><Shape ID='1146' Type='Shape' MasterShape='31'><Cell N='PinX' V='0.8028947275094713' F='Inh'/><Cell N='PinY' V='0.454736836819527' F='Inh'/><Cell N='Width' V='1.605789455018959' F='Inh'/><Cell N='Height' V='0.9094736736390721' F='Inh'/><Cell N='LocPinX' V='0.8028947275094794' F='Inh'/><Cell N='LocPinY' V='0.454736836819536' F='Inh'/></Shape><Shape ID='1147' Type='Group' MasterShape='17'><Cell N='Width' V='1.409531090645189' U='MM' F='Inh'/><Cell N='Height' V='0.6426033241750099' U='MM' F='Inh'/><Section N='Control'><Row N='Correction'><Cell N='X' V='1.409531090645189' U='MM' F='Inh'/><Cell N='Y' V='0.1670295179037038' U='MM' F='Inh'/><Cell N='XDyn' V='1.409531090645189' U='MM' F='Inh'/><Cell N='YDyn' V='0.1670295179037038' U='MM' F='Inh'/></Row></Section><Text>Props
</Text><Shapes><Shape ID='1148' Type='Shape' MasterShape='18'><Cell N='Width' V='1.409531090645189' U='MM' F='Inh'/><Cell N='Height' V='0.6426033241750099' U='MM' F='Inh'/><Section N='User'><Row N='Text'><Cell N='Value' V='Props' U='STR' F='Inh'/></Row><Row N='HeightRatio'><Cell N='Value' V='6.42291978783439' F='Inh'/></Row><Row N='TruncText'><Cell N='Value' V='Props' U='STR' F='Inh'/></Row><Row N='TruncLen'><Cell N='Value' V='23' F='Inh'/></Row><Row N='Len'><Cell N='Value' V='5' F='Inh'/></Row></Section><Section N='Field'><Row IX='0'><Cell N='Value' V='Props' U='STR' F='Inh'/></Row></Section><Section N='Geometry' IX='0'><Row T='LineTo' IX='2'><Cell N='X' V='1.409531090645189' U='MM' F='Inh'/></Row><Row T='LineTo' IX='3'><Cell N='X' V='1.409531090645189' U='MM' F='Inh'/><Cell N='Y' V='0.6426033241750099' U='MM' F='Inh'/></Row><Row T='LineTo' IX='4'><Cell N='Y' V='0.6426033241750099' U='MM' F='Inh'/></Row></Section></Shape></Shapes></Shape><Shape ID='1149' Type='Shape' MasterShape='19'><Cell N='PinY' V='0.6327608044899705' U='MM' F='Inh'/><Cell N='Width' V='1.291420854424717' U='MM' F='Inh'/></Shape><Shape ID='1150' Type='Shape' MasterShape='21'><Cell N='PinY' V='0.7651802322418604' U='MM' F='Inh'/><Cell N='Width' V='1.291420854424717' U='MM' F='Inh'/></Shape><Shape ID='11' Type='Foreign' MasterShape='35'><Cell N='PinY' V='0.6712217072378447' U='MM' F='Inh'/></Shape></Shapes></Shape></Shapes></Shape><Shape ID='1151' NameU='Excel' Name='Excel' Type='Group' Master='1075'><Cell N='PinX' V='4.133858329800859'/><Cell N='PinY' V='10.86517658268917'/><Cell N='Width' V='1.606381484345978'/><Cell N='Height' V='0.9074421796787905'/><Cell N='LocPinX' V='0.8031907421729891' F='Inh'/><Cell N='LocPinY' V='0.4537210898393952' F='Inh'/><Section N='Connection'><Row T='Connection' IX='0'><Cell N='X' V='0.8031907421729891' F='Inh'/><Cell N='Y' V='0.9074421776892598' F='Inh'/></Row></Section><Shapes><Shape ID='1152' Type='Group' MasterShape='16'><Cell N='Width' V='1.606381484345978' F='Inh'/><Cell N='Height' V='0.9074421796787905' F='Inh'/><Shapes><Shape ID='1153' Type='Shape' MasterShape='31'><Cell N='PinX' V='0.8028947275094721' F='Inh'/><Cell N='PinY' V='0.4547368368195274' F='Inh'/><Cell N='Width' V='1.60578945501896' F='Inh'/><Cell N='Height' V='0.9094736736390729' F='Inh'/><Cell N='LocPinX' V='0.8028947275094802' F='Inh'/><Cell N='LocPinY' V='0.4547368368195365' F='Inh'/></Shape><Shape ID='1154' Type='Group' MasterShape='17'><Cell N='Width' V='1.409531090645191' U='MM' F='Inh'/><Cell N='Height' V='0.6426033241750108' U='MM' F='Inh'/><Section N='Control'><Row N='Correction'><Cell N='X' V='1.409531090645191' U='MM' F='Inh'/><Cell N='Y' V='0.167029517903704' U='MM' F='Inh'/><Cell N='XDyn' V='1.409531090645191' U='MM' F='Inh'/><Cell N='YDyn' V='0.167029517903704' U='MM' F='Inh'/></Row></Section><Text>Props
</Text><Shapes><Shape ID='1155' Type='Shape' MasterShape='18'><Cell N='Width' V='1.409531090645191' U='MM' F='Inh'/><Cell N='Height' V='0.6426033241750108' U='MM' F='Inh'/><Section N='User'><Row N='Text'><Cell N='Value' V='Props' U='STR' F='Inh'/></Row><Row N='HeightRatio'><Cell N='Value' V='6.422919787834399' F='Inh'/></Row><Row N='TruncText'><Cell N='Value' V='Props' U='STR' F='Inh'/></Row><Row N='TruncLen'><Cell N='Value' V='23' F='Inh'/></Row><Row N='Len'><Cell N='Value' V='5' F='Inh'/></Row></Section><Section N='Field'><Row IX='0'><Cell N='Value' V='Props' U='STR' F='Inh'/></Row></Section><Section N='Geometry' IX='0'><Row T='LineTo' IX='2'><Cell N='X' V='1.409531090645191' U='MM' F='Inh'/></Row><Row T='LineTo' IX='3'><Cell N='X' V='1.409531090645191' U='MM' F='Inh'/><Cell N='Y' V='0.6426033241750108' U='MM' F='Inh'/></Row><Row T='LineTo' IX='4'><Cell N='Y' V='0.6426033241750108' U='MM' F='Inh'/></Row></Section></Shape></Shapes></Shape><Shape ID='1156' Type='Shape' MasterShape='19'><Cell N='PinY' V='0.6327608044899714' U='MM' F='Inh'/><Cell N='Width' V='1.291420854424719' U='MM' F='Inh'/></Shape><Shape ID='1157' Type='Shape' MasterShape='21'><Cell N='PinY' V='0.7651802322418613' U='MM' F='Inh'/><Cell N='Width' V='1.291420854424719' U='MM' F='Inh'/></Shape><Shape ID='12' Type='Foreign' MasterShape='36'><Cell N='PinY' V='0.6712217072378456' U='MM' F='Inh'/></Shape></Shapes></Shape></Shapes></Shape><Shape ID='1158' NameU='Outlook' Name='Outlook' Type='Group' Master='1079' UniqueID='{52A63DA4-A1B2-40C8-9D32-B6ED1D0984AF}'><Cell N='PinX' V='4.133858329800857'/><Cell N='PinY' V='10.86517658268917'/><Cell N='Width' V='1.606381484345978'/><Cell N='Height' V='0.9074421796787887'/><Cell N='LocPinX' V='0.8031907421729889' F='Inh'/><Cell N='LocPinY' V='0.4537210898393944' F='Inh'/><Section N='Connection'><Row T='Connection' IX='0'><Cell N='X' V='0.8031907421729889' F='Inh'/><Cell N='Y' V='0.9074421776892581' F='Inh'/></Row></Section><Shapes><Shape ID='1159' Type='Group' MasterShape='16'><Cell N='Width' V='1.606381484345978' F='Inh'/><Cell N='Height' V='0.9074421796787887' F='Inh'/><Shapes><Shape ID='1160' Type='Shape' MasterShape='31'><Cell N='PinX' V='0.8028947275094719' F='Inh'/><Cell N='PinY' V='0.4547368368195265' F='Inh'/><Cell N='Width' V='1.60578945501896' F='Inh'/><Cell N='Height' V='0.9094736736390712' F='Inh'/><Cell N='LocPinX' V='0.80289472750948' F='Inh'/><Cell N='LocPinY' V='0.4547368368195356' F='Inh'/></Shape><Shape ID='1161' Type='Group' MasterShape='17'><Cell N='Width' V='1.40953109064519' U='MM' F='Inh'/><Cell N='Height' V='0.642603324175009' U='MM' F='Inh'/><Section N='Control'><Row N='Correction'><Cell N='X' V='1.40953109064519' U='MM' F='Inh'/><Cell N='Y' V='0.1670295179037036' U='MM' F='Inh'/><Cell N='XDyn' V='1.40953109064519' U='MM' F='Inh'/><Cell N='YDyn' V='0.1670295179037036' U='MM' F='Inh'/></Row></Section><Text>Prop
</Text><Shapes><Shape ID='1162' Type='Shape' MasterShape='18'><Cell N='Width' V='1.40953109064519' U='MM' F='Inh'/><Cell N='Height' V='0.642603324175009' U='MM' F='Inh'/><Section N='User'><Row N='Text'><Cell N='Value' V='Prop' U='STR' F='Inh'/></Row><Row N='HeightRatio'><Cell N='Value' V='6.422919787834381' F='Inh'/></Row><Row N='TruncText'><Cell N='Value' V='Prop' U='STR' F='Inh'/></Row><Row N='TruncLen'><Cell N='Value' V='19' F='Inh'/></Row><Row N='Len'><Cell N='Value' V='4' F='Inh'/></Row></Section><Section N='Field'><Row IX='0'><Cell N='Value' V='Prop' U='STR' F='Inh'/></Row></Section><Section N='Geometry' IX='0'><Row T='LineTo' IX='2'><Cell N='X' V='1.40953109064519' U='MM' F='Inh'/></Row><Row T='LineTo' IX='3'><Cell N='X' V='1.40953109064519' U='MM' F='Inh'/><Cell N='Y' V='0.642603324175009' U='MM' F='Inh'/></Row><Row T='LineTo' IX='4'><Cell N='Y' V='0.642603324175009' U='MM' F='Inh'/></Row></Section></Shape></Shapes></Shape><Shape ID='1163' Type='Shape' MasterShape='19'><Cell N='PinY' V='0.6327608044899696' U='MM' F='Inh'/><Cell N='Width' V='1.291420854424718' U='MM' F='Inh'/></Shape><Shape ID='1164' Type='Shape' MasterShape='21'><Cell N='PinY' V='0.7651802322418595' U='MM' F='Inh'/><Cell N='Width' V='1.291420854424718' U='MM' F='Inh'/></Shape><Shape ID='13' Type='Foreign' MasterShape='37'><Cell N='PinY' V='0.6712217072378438' U='MM' F='Inh'/></Shape></Shapes></Shape></Shapes></Shape><Shape ID='1165' NameU='PowerApp' Name='PowerApp' Type='Group' Master='1082' UniqueID='{03438A79-FDED-44C7-A630-C03F82B693ED}'><Cell N='PinX' V='4.133858329800859'/><Cell N='PinY' V='10.95696956305094'/><Cell N='Width' V='2.089075015126142'/><Cell N='Height' V='0.7238562189552464'/><Cell N='LocPinX' V='1.044537507563071' F='Inh'/><Cell N='LocPinY' V='0.3619281094776232' F='Inh'/><Section N='Connection'><Row T='Connection' IX='0'><Cell N='X' V='1.044537507563071' F='Inh'/><Cell N='Y' V='0.7238562173682206' F='Inh'/></Row></Section><Shapes><Shape ID='1166' Type='Group' MasterShape='16'><Cell N='Width' V='2.089075015126142' F='Inh'/><Cell N='Height' V='0.7238562189552464' F='Inh'/><Shapes><Shape ID='1167' Type='Shape' MasterShape='31'><Cell N='PinX' V='1.044152544935146' F='Inh'/><Cell N='PinY' V='0.3627383591937142' F='Inh'/><Cell N='Width' V='2.088305089870313' F='Inh'/><Cell N='Height' V='0.7254767183874428' F='Inh'/><Cell N='LocPinX' V='1.044152544935156' F='Inh'/><Cell N='LocPinY' V='0.3627383591937214' F='Inh'/></Shape><Shape ID='1168' Type='Group' MasterShape='17'><Cell N='Width' V='1.892224621425355' U='MM' F='Inh'/><Cell N='Height' V='0.4590173634514667' U='MM' F='Inh'/><Section N='Control'><Row N='Correction'><Cell N='X' V='1.892224621425355' U='MM' F='Inh'/><Cell N='Y' V='0.1193106945488616' U='MM' F='Inh'/><Cell N='XDyn' V='1.892224621425355' U='MM' F='Inh'/><Cell N='YDyn' V='0.1193106945488616' U='MM' F='Inh'/></Row></Section><Text>properties
</Text><Shapes><Shape ID='1169' Type='Shape' MasterShape='18'><Cell N='Width' V='1.892224621425355' U='MM' F='Inh'/><Cell N='Height' V='0.4590173634514667' U='MM' F='Inh'/><Section N='User'><Row N='Text'><Cell N='Value' V='properties' U='STR' F='Inh'/></Row><Row N='HeightRatio'><Cell N='Value' V='4.587949666237735' F='Inh'/></Row><Row N='TruncText'><Cell N='Value' V='properties' U='STR' F='Inh'/></Row><Row N='TruncLen'><Cell N='Value' V='33' F='Inh'/></Row><Row N='Len'><Cell N='Value' V='10' F='Inh'/></Row></Section><Section N='Field'><Row IX='0'><Cell N='Value' V='properties' U='STR' F='Inh'/></Row></Section><Section N='Geometry' IX='0'><Row T='LineTo' IX='2'><Cell N='X' V='1.892224621425355' U='MM' F='Inh'/></Row><Row T='LineTo' IX='3'><Cell N='X' V='1.892224621425355' U='MM' F='Inh'/><Cell N='Y' V='0.4590173634514667' U='MM' F='Inh'/></Row><Row T='LineTo' IX='4'><Cell N='Y' V='0.4590173634514667' U='MM' F='Inh'/></Row></Section></Shape></Shapes></Shape><Shape ID='1170' Type='Shape' MasterShape='19'><Cell N='PinY' V='0.4491748437664274' U='MM' F='Inh'/><Cell N='Width' V='1.774114385204883' U='MM' F='Inh'/></Shape><Shape ID='1171' Type='Shape' MasterShape='21'><Cell N='PinY' V='0.5815942715183172' U='MM' F='Inh'/><Cell N='Width' V='1.774114385204883' U='MM' F='Inh'/></Shape></Shapes></Shape><Shape ID='14' Type='Foreign' MasterShape='39'><Cell N='PinY' V='0.4876357465143015' U='MM' F='Inh'/></Shape></Shapes></Shape><Shape ID='1172' NameU='SharePoint' Name='SharePoint' Type='Group' Master='1085' UniqueID='{24EB9E46-E56B-42F2-B11B-BBEADF80B437}'><Cell N='PinX' V='4.133858329800859'/><Cell N='PinY' V='10.85185577130774'/><Shapes><Shape ID='1173' Type='Group' MasterShape='16'><Shapes><Shape ID='1174' Type='Shape' MasterShape='31'/><Shape ID='1175' Type='Group' MasterShape='17'><Text>property
</Text><Shapes><Shape ID='1176' Type='Shape' MasterShape='18'><Section N='User'><Row N='Text'><Cell N='Value' V='property' U='STR' F='Inh'/></Row><Row N='TruncText'><Cell N='Value' V='property' U='STR' F='Inh'/></Row><Row N='TruncLen'><Cell N='Value' V='39' F='Inh'/></Row><Row N='Len'><Cell N='Value' V='8' F='Inh'/></Row></Section><Section N='Field'><Row IX='0'><Cell N='Value' V='property' U='STR' F='Inh'/></Row></Section></Shape></Shapes></Shape><Shape ID='1177' Type='Shape' MasterShape='19'/><Shape ID='1178' Type='Shape' MasterShape='21'/><Shape ID='15' Type='Foreign' MasterShape='41'/></Shapes></Shape></Shapes></Shape><Shape ID='1179' NameU='Time' Name='Time' Type='Group' Master='1088' UniqueID='{C551CDD4-AEDE-406E-8DBB-6BCD43F1B97B}'><Cell N='PinX' V='4.133858329800859'/><Cell N='PinY' V='10.94081609200738'/><Cell N='Width' V='1.606381484345979'/><Cell N='LocPinX' V='0.8031907421729896' F='Inh'/><Section N='Connection'><Row T='Connection' IX='0'><Cell N='X' V='0.8031907421729896' F='Inh'/></Row></Section><Shapes><Shape ID='1180' Type='Group' MasterShape='16'><Cell N='Width' V='1.606381484345979' F='Inh'/><Shapes><Shape ID='1181' Type='Shape' MasterShape='31'><Cell N='PinX' V='0.8028947275094726' F='Inh'/><Cell N='Width' V='1.605789455018961' F='Inh'/><Cell N='LocPinX' V='0.8028947275094807' F='Inh'/></Shape><Shape ID='1182' Type='Group' MasterShape='17'><Cell N='Width' V='1.409531090645192' U='MM' F='Inh'/><Section N='Control'><Row N='Correction'><Cell N='X' V='1.409531090645192' U='MM' F='Inh'/><Cell N='XDyn' V='1.409531090645192' U='MM' F='Inh'/></Row></Section><Text>testing
</Text><Shapes><Shape ID='1183' Type='Shape' MasterShape='18'><Cell N='Width' V='1.409531090645192' U='MM' F='Inh'/><Section N='User'><Row N='Text'><Cell N='Value' V='testing' U='STR' F='Inh'/></Row><Row N='TruncText'><Cell N='Value' V='testing' U='STR' F='Inh'/></Row><Row N='TruncLen'><Cell N='Value' V='25' F='Inh'/></Row><Row N='Len'><Cell N='Value' V='7' F='Inh'/></Row></Section><Section N='Field'><Row IX='0'><Cell N='Value' V='testing' U='STR' F='Inh'/></Row></Section><Section N='Geometry' IX='0'><Row T='LineTo' IX='2'><Cell N='X' V='1.409531090645192' U='MM' F='Inh'/></Row><Row T='LineTo' IX='3'><Cell N='X' V='1.409531090645192' U='MM' F='Inh'/></Row></Section></Shape></Shapes></Shape><Shape ID='1184' Type='Shape' MasterShape='19'><Cell N='Width' V='1.291420854424719' U='MM' F='Inh'/></Shape><Shape ID='1185' Type='Shape' MasterShape='21'><Cell N='Width' V='1.291420854424719' U='MM' F='Inh'/></Shape><Shape ID='1186' Type='Group' MasterShape='39'><Shapes><Shape ID='1187' Type='Shape' MasterShape='40'/><Shape ID='1188' Type='Group' MasterShape='41'><Shapes><Shape ID='1189' Type='Shape' MasterShape='42'/><Shape ID='1190' Type='Shape' MasterShape='43'/><Shape ID='1191' Type='Shape' MasterShape='44'/><Shape ID='1192' Type='Shape' MasterShape='45'/></Shapes></Shape></Shapes></Shape></Shapes></Shape></Shapes></Shape><Shape ID='1193' NameU='Weather' Name='Weather' Type='Group' Master='1089' UniqueID='{1C6E4CC2-9242-4C57-9C3A-E0E0CA451CDD}'><Cell N='PinX' V='4.133858329800859'/><Cell N='PinY' V='10.94081609200738'/><Shapes><Shape ID='1194' Type='Group' MasterShape='16'><Shapes><Shape ID='1195' Type='Shape' MasterShape='31'/><Shape ID='1196' Type='Group' MasterShape='17'><Text>props
</Text><Shapes><Shape ID='1197' Type='Shape' MasterShape='18'><Section N='User'><Row N='Text'><Cell N='Value' V='props' U='STR' F='Inh'/></Row><Row N='TruncText'><Cell N='Value' V='props' U='STR' F='Inh'/></Row><Row N='TruncLen'><Cell N='Value' V='18' F='Inh'/></Row><Row N='Len'><Cell N='Value' V='5' F='Inh'/></Row></Section><Section N='Field'><Row IX='0'><Cell N='Value' V='props' U='STR' F='Inh'/></Row></Section></Shape></Shapes></Shape><Shape ID='1198' Type='Shape' MasterShape='19'/><Shape ID='1199' Type='Shape' MasterShape='21'/><Shape ID='16' Type='Foreign' MasterShape='39'/></Shapes></Shape></Shapes></Shape><Shape ID='1200' NameU='AI Builder' IsCustomNameU='1' Name='AI Builder' Type='Group' Master='1092' UniqueID='{4DE44E84-5932-4F8C-9EF8-D4719C5B9B73}'><Cell N='PinX' V='4.133858329800859'/><Cell N='PinY' V='10.94081609200738'/><Cell N='Width' V='1.606381484345978'/><Cell N='LocPinX' V='0.8031907421729888' F='Inh'/><Section N='Connection'><Row T='Connection' IX='0'><Cell N='X' V='0.8031907421729888' F='Inh'/></Row></Section><Shapes><Shape ID='1201' Type='Group' MasterShape='16'><Cell N='Width' V='1.606381484345978' F='Inh'/><Shapes><Shape ID='1202' Type='Shape' MasterShape='31'><Cell N='PinX' V='0.8028947275094718' F='Inh'/><Cell N='Width' V='1.60578945501896' F='Inh'/><Cell N='LocPinX' V='0.8028947275094799' F='Inh'/></Shape><Shape ID='1203' Type='Group' MasterShape='17'><Cell N='Width' V='1.40953109064519' U='MM' F='Inh'/><Section N='Control'><Row N='Correction'><Cell N='X' V='1.40953109064519' U='MM' F='Inh'/><Cell N='XDyn' V='1.40953109064519' U='MM' F='Inh'/></Row></Section><Text>Props
</Text><Shapes><Shape ID='1204' Type='Shape' MasterShape='18'><Cell N='Width' V='1.40953109064519' U='MM' F='Inh'/><Section N='User'><Row N='Text'><Cell N='Value' V='Props' U='STR' F='Inh'/></Row><Row N='TruncText'><Cell N='Value' V='Props' U='STR' F='Inh'/></Row><Row N='TruncLen'><Cell N='Value' V='18' F='Inh'/></Row><Row N='Len'><Cell N='Value' V='5' F='Inh'/></Row></Section><Section N='Field'><Row IX='0'><Cell N='Value' V='Props' U='STR' F='Inh'/></Row></Section><Section N='Geometry' IX='0'><Row T='LineTo' IX='2'><Cell N='X' V='1.40953109064519' U='MM' F='Inh'/></Row><Row T='LineTo' IX='3'><Cell N='X' V='1.40953109064519' U='MM' F='Inh'/></Row></Section></Shape></Shapes></Shape><Shape ID='1205' Type='Shape' MasterShape='19'><Cell N='Width' V='1.291420854424718' U='MM' F='Inh'/></Shape><Shape ID='1206' Type='Shape' MasterShape='21'><Cell N='Width' V='1.291420854424718' U='MM' F='Inh'/></Shape><Shape ID='17' Type='Foreign' MasterShape='33'/></Shapes></Shape></Shapes></Shape><Shape ID='1207' NameU='OneDrive' Name='OneDrive' Type='Group' Master='1095' UniqueID='{C5B1B56F-B02D-4C20-B6F9-4CA18A99F761}'><Cell N='PinX' V='4.066908660733898'/><Cell N='PinY' V='10.94081609200738'/><Cell N='Width' V='1.47248214621206'/><Cell N='LocPinX' V='0.7362410731060302' F='Inh'/><Section N='Connection'><Row T='Connection' IX='0'><Cell N='X' V='0.7362410731060302' F='Inh'/></Row></Section><Shapes><Shape ID='1208' Type='Group' MasterShape='16'><Cell N='Width' V='1.47248214621206' F='Inh'/><Shapes><Shape ID='1209' Type='Shape' MasterShape='31'><Cell N='PinX' V='0.7359697326359779' F='Inh'/><Cell N='Width' V='1.47193946527197' F='Inh'/><Cell N='LocPinX' V='0.7359697326359852' F='Inh'/></Shape><Shape ID='1210' Type='Group' MasterShape='17'><Cell N='Width' V='1.275631752511273' U='MM' F='Inh'/><Section N='Control'><Row N='Correction'><Cell N='X' V='1.275631752511273' U='MM' F='Inh'/><Cell N='XDyn' V='1.275631752511273' U='MM' F='Inh'/></Row></Section><Text>Props
</Text><Shapes><Shape ID='1211' Type='Shape' MasterShape='18'><Cell N='Width' V='1.275631752511273' U='MM' F='Inh'/><Section N='User'><Row N='Text'><Cell N='Value' V='Props' U='STR' F='Inh'/></Row><Row N='TruncText'><Cell N='Value' V='Props' U='STR' F='Inh'/></Row><Row N='TextHeight'><Cell N='Value' V='0.2000469482421875' U='DL' F='Inh'/></Row><Row N='TruncLen'><Cell N='Value' V='18' F='Inh'/></Row><Row N='Len'><Cell N='Value' V='5' F='Inh'/></Row></Section><Section N='Field'><Row IX='0'><Cell N='Value' V='Props' U='STR' F='Inh'/></Row></Section><Section N='Geometry' IX='0'><Row T='LineTo' IX='2'><Cell N='X' V='1.275631752511273' U='MM' F='Inh'/></Row><Row T='LineTo' IX='3'><Cell N='X' V='1.275631752511273' U='MM' F='Inh'/></Row></Section></Shape></Shapes></Shape><Shape ID='1212' Type='Shape' MasterShape='19'><Cell N='Width' V='1.1575215162908' U='MM' F='Inh'/></Shape><Shape ID='1213' Type='Shape' MasterShape='21'><Cell N='Width' V='1.1575215162908' U='MM' F='Inh'/></Shape><Shape ID='18' Type='Foreign' MasterShape='41'/></Shapes></Shape></Shapes></Shape><Shape ID='1214' NameU='HttpAction' IsCustomNameU='1' Name='HttpAction' IsCustomName='1' Type='Group' Master='1096' UniqueID='{E7D48C92-3047-4EA5-8CD6-4A7BD7970179}'><Cell N='PinX' V='4.133858329800857'/><Cell N='PinY' V='10.82677168088561'/><Cell N='Width' V='2.089075015126142'/><Cell N='Height' V='0.9842519832859055'/><Cell N='LocPinX' V='1.044537507563071' F='Inh'/><Cell N='LocPinY' V='0.4921259916429527' F='Inh'/><Section N='Connection'><Row T='Connection' IX='0'><Cell N='X' V='1.044537507563071' F='Inh'/><Cell N='Y' V='0.9842519811279724' F='Inh'/></Row></Section><Shapes><Shape ID='1215' Type='Group' MasterShape='16'><Cell N='Width' V='2.089075015126142' F='Inh'/><Cell N='Height' V='0.9842519832859055' F='Inh'/><Shapes><Shape ID='1216' Type='Shape' MasterShape='31'><Cell N='PinX' V='1.044152544935146' F='Inh'/><Cell N='PinY' V='0.4932277158101781' F='Inh'/><Cell N='Width' V='2.088305089870313' F='Inh'/><Cell N='Height' V='0.9864554316203759' F='Inh'/><Cell N='LocPinX' V='1.044152544935156' F='Inh'/><Cell N='LocPinY' V='0.4932277158101879' F='Inh'/></Shape><Shape ID='1217' Type='Group' MasterShape='17'><Cell N='Width' V='1.892224621425355' U='MM' F='Inh'/><Cell N='Height' V='0.7194131277821257' U='MM' F='Inh'/><Section N='Control'><Row N='Correction'><Cell N='X' V='1.892224621425355' U='MM' F='Inh'/><Cell N='Y' V='0.1869944075706621' U='MM' F='Inh'/><Cell N='XDyn' V='1.892224621425355' U='MM' F='Inh'/><Cell N='YDyn' V='0.1869944075706621' U='MM' F='Inh'/></Row></Section><Text>Properties 
</Text><Shapes><Shape ID='1218' Type='Shape' MasterShape='18'><Cell N='Width' V='1.892224621425355' U='MM' F='Inh'/><Cell N='Height' V='0.7194131277821257' U='MM' F='Inh'/><Section N='User'><Row N='Text'><Cell N='Value' V='Properties ' U='STR' F='Inh'/></Row><Row N='HeightRatio'><Cell N='Value' V='7.19064567552908' F='Inh'/></Row><Row N='TruncText'><Cell N='Value' V='Properties ' U='STR' F='Inh'/></Row><Row N='TextHeight'><Cell N='Value' V='0.2000469482421875' U='DL' F='Inh'/></Row><Row N='TruncLen'><Cell N='Value' V='58' F='Inh'/></Row><Row N='Len'><Cell N='Value' V='11' F='Inh'/></Row></Section><Section N='Field'><Row IX='0'><Cell N='Value' V='Properties ' U='STR' F='Inh'/></Row></Section><Section N='Geometry' IX='0'><Row T='LineTo' IX='2'><Cell N='X' V='1.892224621425355' U='MM' F='Inh'/></Row><Row T='LineTo' IX='3'><Cell N='X' V='1.892224621425355' U='MM' F='Inh'/><Cell N='Y' V='0.7194131277821257' U='MM' F='Inh'/></Row><Row T='LineTo' IX='4'><Cell N='Y' V='0.7194131277821257' U='MM' F='Inh'/></Row></Section></Shape></Shapes></Shape><Shape ID='1219' Type='Shape' MasterShape='19'><Cell N='PinY' V='0.7095706080970864' U='MM' F='Inh'/><Cell N='Width' V='1.774114385204883' U='MM' F='Inh'/></Shape><Shape ID='1220' Type='Shape' MasterShape='21'><Cell N='PinY' V='0.8419900358489763' U='MM' F='Inh'/><Cell N='Width' V='1.774114385204883' U='MM' F='Inh'/></Shape><Shape ID='1221' Type='Group' MasterShape='41'><Cell N='PinY' V='0.7480315108449606' U='MM' F='Inh'/><Shapes><Shape ID='1222' Type='Shape' MasterShape='42'/><Shape ID='1223' Type='Shape' MasterShape='43'/></Shapes></Shape></Shapes></Shape></Shapes></Shape><Shape ID='1224' NameU='Word' Name='Word' Type='Group' Master='1099' UniqueID='{5234DA80-A744-44B3-8262-CBFA9938C869}'><Cell N='PinX' V='4.112737785787589'/><Cell N='PinY' V='10.94081609200738'/><Cell N='Width' V='1.564140396319443'/><Cell N='LocPinX' V='0.7820701981597215' F='Inh'/><Section N='Connection'><Row T='Connection' IX='0'><Cell N='X' V='0.7820701981597215' F='Inh'/></Row></Section><Shapes><Shape ID='1225' Type='Group' MasterShape='16'><Cell N='Width' V='1.564140396319443' F='Inh'/><Shapes><Shape ID='1226' Type='Shape' MasterShape='31'><Cell N='PinX' V='0.7817819674389233' F='Inh'/><Cell N='Width' V='1.563563934877862' F='Inh'/><Cell N='LocPinX' V='0.7817819674389311' F='Inh'/></Shape><Shape ID='1227' Type='Group' MasterShape='17'><Cell N='Width' V='1.367290002618656' U='MM' F='Inh'/><Section N='Control'><Row N='Correction'><Cell N='X' V='1.367290002618656' U='MM' F='Inh'/><Cell N='Y' V='0.09842520027358859' U='MM' F='Height*0.20032634079785'/><Cell N='XDyn' V='1.367290002618656' U='MM' F='Inh'/><Cell N='YDyn' V='0.09842520027358859' U='MM' F='Inh'/></Row></Section><Text>Properts
</Text><Shapes><Shape ID='1228' Type='Shape' MasterShape='18'><Cell N='Width' V='1.367290002618656' U='MM' F='Inh'/><Section N='User'><Row N='Text'><Cell N='Value' V='Properts' U='STR' F='Inh'/></Row><Row N='TruncText'><Cell N='Value' V='Properts' U='STR' F='Inh'/></Row><Row N='TruncLen'><Cell N='Value' V='31' F='Inh'/></Row><Row N='Len'><Cell N='Value' V='8' F='Inh'/></Row><Row N='Correction'><Cell N='Value' V='0.7996736592021536' F='Inh'/></Row></Section><Section N='Field'><Row IX='0'><Cell N='Value' V='Properts' U='STR' F='Inh'/></Row></Section><Section N='Character'><Row IX='1'><Cell N='Font' V='Calibri Light'/><Cell N='Color' V='Themed' F='THEMEVAL()'/><Cell N='Style' V='0'/><Cell N='Case' V='0'/><Cell N='Pos' V='0'/><Cell N='FontScale' V='1'/><Cell N='Size' V='0.08333333333333333' U='PT'/><Cell N='DblUnderline' V='0'/><Cell N='Overline' V='0'/><Cell N='Strikethru' V='0'/><Cell N='DoubleStrikethrough' V='0'/><Cell N='Letterspace' V='0'/><Cell N='ColorTrans' V='0'/><Cell N='AsianFont' V='Themed' F='THEMEVAL()'/><Cell N='ComplexScriptFont' V='Calibri Light'/><Cell N='ComplexScriptSize' V='-1'/><Cell N='LangID' V='en-GB'/></Row></Section><Section N='Geometry' IX='0'><Row T='LineTo' IX='2'><Cell N='X' V='1.367290002618656' U='MM' F='Inh'/></Row><Row T='LineTo' IX='3'><Cell N='X' V='1.367290002618656' U='MM' F='Inh'/></Row></Section><Text><cp IX='0'/><fld IX='0'>Properts</fld><cp IX='1'/> 
</Text></Shape></Shapes></Shape><Shape ID='1229' Type='Shape' MasterShape='19'><Cell N='Width' V='1.249179766398183' U='MM' F='Inh'/></Shape><Shape ID='1230' Type='Shape' MasterShape='21'><Cell N='Width' V='1.249179766398183' U='MM' F='Inh'/></Shape><Shape ID='19' Type='Foreign' MasterShape='43'/></Shapes></Shape></Shapes></Shape><Shape ID='1231' NameU='Email' Name='Email' Type='Group' Master='1102' UniqueID='{8E77E77B-5E26-43F8-BC88-E731444BD234}'><Cell N='PinX' V='4.112737785787592'/><Cell N='PinY' V='10.94081609200738'/><Cell N='Width' V='1.564140396319444'/><Cell N='LocPinX' V='0.7820701981597218' F='Inh'/><Section N='Connection'><Row T='Connection' IX='0'><Cell N='X' V='0.7820701981597218' F='Inh'/></Row></Section><Shapes><Shape ID='1232' Type='Group' MasterShape='16'><Cell N='Width' V='1.564140396319444' F='Inh'/><Shapes><Shape ID='1233' Type='Shape' MasterShape='31'><Cell N='PinX' V='0.7817819674389236' F='Inh'/><Cell N='Width' V='1.563563934877863' F='Inh'/><Cell N='LocPinX' V='0.7817819674389315' F='Inh'/></Shape><Shape ID='1234' Type='Group' MasterShape='17'><Cell N='Width' V='1.367290002618656' U='MM' F='Inh'/><Section N='Control'><Row N='Correction'><Cell N='X' V='1.367290002618656' U='MM' F='Inh'/><Cell N='XDyn' V='1.367290002618656' U='MM' F='Inh'/></Row></Section><Text>Property
</Text><Shapes><Shape ID='1235' Type='Shape' MasterShape='18'><Cell N='Width' V='1.367290002618656' U='MM' F='Inh'/><Section N='User'><Row N='Text'><Cell N='Value' V='Property' U='STR' F='Inh'/></Row><Row N='TruncText'><Cell N='Value' V='Property' U='STR' F='Inh'/></Row><Row N='TruncLen'><Cell N='Value' V='29' F='Inh'/></Row><Row N='Len'><Cell N='Value' V='8' F='Inh'/></Row></Section><Section N='Field'><Row IX='0'><Cell N='Value' V='Property' U='STR' F='Inh'/></Row></Section><Section N='Geometry' IX='0'><Row T='LineTo' IX='2'><Cell N='X' V='1.367290002618656' U='MM' F='Inh'/></Row><Row T='LineTo' IX='3'><Cell N='X' V='1.367290002618656' U='MM' F='Inh'/></Row></Section></Shape></Shapes></Shape><Shape ID='1236' Type='Shape' MasterShape='19'><Cell N='Width' V='1.249179766398184' U='MM' F='Inh'/></Shape><Shape ID='1237' Type='Shape' MasterShape='21'><Cell N='Width' V='1.249179766398184' U='MM' F='Inh'/></Shape><Shape ID='20' Type='Foreign' MasterShape='45'/></Shapes></Shape></Shapes></Shape><Shape ID='1238' NameU='Forms' IsCustomNameU='1' Name='Forms' IsCustomName='1' Type='Group' Master='1106' UniqueID='{EF0DB37C-DF90-42D4-81B3-E6632B35C6A8}'><Cell N='PinX' V='4.154978873814125'/><Cell N='PinY' V='10.94081609200738'/><Cell N='Width' V='1.606381484345977'/><Cell N='LocPinX' V='0.8031907421729883' F='Inh'/><Section N='Connection'><Row T='Connection' IX='0'><Cell N='X' V='0.8031907421729883' F='Inh'/></Row></Section><Shapes><Shape ID='1239' Type='Group' MasterShape='16'><Cell N='Width' V='1.606381484345977' F='Inh'/><Shapes><Shape ID='1240' Type='Shape' MasterShape='31'><Cell N='PinX' V='0.8028947275094712' F='Inh'/><Cell N='Width' V='1.605789455018959' F='Inh'/><Cell N='LocPinX' V='0.8028947275094793' F='Inh'/></Shape><Shape ID='1241' Type='Group' MasterShape='17'><Cell N='Width' V='1.409531090645189' U='MM' F='Inh'/><Section N='Control'><Row N='Correction'><Cell N='X' V='1.409531090645189' U='MM' F='Inh'/><Cell N='XDyn' V='1.409531090645189' U='MM' F='Inh'/></Row></Section><Text>Props
</Text><Shapes><Shape ID='1242' Type='Shape' MasterShape='18'><Cell N='Width' V='1.409531090645189' U='MM' F='Inh'/><Section N='User'><Row N='Text'><Cell N='Value' V='Props' U='STR' F='Inh'/></Row><Row N='TruncText'><Cell N='Value' V='Props' U='STR' F='Inh'/></Row><Row N='TextHeight'><Cell N='Value' V='0.2000469482421875' U='DL' F='Inh'/></Row><Row N='TruncLen'><Cell N='Value' V='18' F='Inh'/></Row><Row N='Len'><Cell N='Value' V='5' F='Inh'/></Row></Section><Section N='Field'><Row IX='0'><Cell N='Value' V='Props' U='STR' F='Inh'/></Row></Section><Section N='Geometry' IX='0'><Row T='LineTo' IX='2'><Cell N='X' V='1.409531090645189' U='MM' F='Inh'/></Row><Row T='LineTo' IX='3'><Cell N='X' V='1.409531090645189' U='MM' F='Inh'/></Row></Section></Shape></Shapes></Shape><Shape ID='1243' Type='Shape' MasterShape='19'><Cell N='Width' V='1.291420854424717' U='MM' F='Inh'/></Shape><Shape ID='1244' Type='Shape' MasterShape='21'><Cell N='Width' V='1.291420854424717' U='MM' F='Inh'/></Shape><Shape ID='21' Type='Foreign' MasterShape='48'/></Shapes></Shape></Shapes></Shape><Shape ID='1245' NameU='CustVoice' IsCustomNameU='1' Name='CustVoice' IsCustomName='1' Type='Group' Master='1107' UniqueID='{D426882E-355C-41A2-90A5-D6E2C00FC47E}'><Cell N='PinX' V='4.154978873814126'/><Cell N='PinY' V='10.94081609200738'/><Cell N='Width' V='1.564140396319443'/><Cell N='LocPinX' V='0.7820701981597213' F='Inh'/><Section N='Connection'><Row T='Connection' IX='0'><Cell N='X' V='0.7820701981597213' F='Inh'/></Row></Section><Shapes><Shape ID='1246' Type='Group' MasterShape='16'><Cell N='Width' V='1.564140396319443' F='Inh'/><Shapes><Shape ID='1247' Type='Shape' MasterShape='31'><Cell N='PinX' V='0.7817819674389231' F='Inh'/><Cell N='Width' V='1.563563934877862' F='Inh'/><Cell N='LocPinX' V='0.781781967438931' F='Inh'/></Shape><Shape ID='1248' Type='Group' MasterShape='17'><Cell N='Width' V='1.367290002618655' U='MM' F='Inh'/><Section N='Control'><Row N='Correction'><Cell N='X' V='1.367290002618655' U='MM' F='Inh'/><Cell N='XDyn' V='1.367290002618655' U='MM' F='Inh'/></Row></Section><Text>Props
</Text><Shapes><Shape ID='1249' Type='Shape' MasterShape='18'><Cell N='Width' V='1.367290002618655' U='MM' F='Inh'/><Section N='User'><Row N='Text'><Cell N='Value' V='Props' U='STR' F='Inh'/></Row><Row N='TruncText'><Cell N='Value' V='Props' U='STR' F='Inh'/></Row><Row N='TextHeight'><Cell N='Value' V='0.2000469482421875' U='DL' F='Inh'/></Row><Row N='TruncLen'><Cell N='Value' V='18' F='Inh'/></Row><Row N='Len'><Cell N='Value' V='5' F='Inh'/></Row></Section><Section N='Field'><Row IX='0'><Cell N='Value' V='Props' U='STR' F='Inh'/></Row></Section><Section N='Geometry' IX='0'><Row T='LineTo' IX='2'><Cell N='X' V='1.367290002618655' U='MM' F='Inh'/></Row><Row T='LineTo' IX='3'><Cell N='X' V='1.367290002618655' U='MM' F='Inh'/></Row></Section></Shape></Shapes></Shape><Shape ID='1250' Type='Shape' MasterShape='19'><Cell N='Width' V='1.249179766398183' U='MM' F='Inh'/></Shape><Shape ID='1251' Type='Shape' MasterShape='21'><Cell N='Width' V='1.249179766398183' U='MM' F='Inh'/></Shape><Shape ID='22' Type='Foreign' MasterShape='48'/></Shapes></Shape></Shapes></Shape><Shape ID='1252' NameU='Push' Name='Push' Type='Group' Master='1110' UniqueID='{09E1C031-B95F-43AF-AEFD-0ED990E6E931}'><Cell N='PinX' V='4.154978873814126'/><Cell N='PinY' V='10.94081609200738'/><Cell N='Width' V='1.564140396319443'/><Cell N='LocPinX' V='0.7820701981597216' F='Inh'/><Section N='Connection'><Row T='Connection' IX='0'><Cell N='X' V='0.7820701981597216' F='Inh'/></Row></Section><Shapes><Shape ID='1253' Type='Group' MasterShape='16'><Cell N='Width' V='1.564140396319443' F='Inh'/><Shapes><Shape ID='1254' Type='Shape' MasterShape='31'><Cell N='PinX' V='0.7817819674389234' F='Inh'/><Cell N='Width' V='1.563563934877863' F='Inh'/><Cell N='LocPinX' V='0.7817819674389313' F='Inh'/></Shape><Shape ID='1255' Type='Group' MasterShape='17'><Cell N='Width' V='1.367290002618656' U='MM' F='Inh'/><Section N='Control'><Row N='Correction'><Cell N='X' V='1.367290002618656' U='MM' F='Inh'/><Cell N='Y' V='0.1262418822789115' U='MM' F='Height*0.25694206628049'/><Cell N='XDyn' V='1.367290002618656' U='MM' F='Inh'/><Cell N='YDyn' V='0.1262418822789115' U='MM' F='Inh'/></Row></Section><Text>Prop
</Text><Shapes><Shape ID='1256' Type='Shape' MasterShape='18'><Cell N='Width' V='1.367290002618656' U='MM' F='Inh'/><Section N='User'><Row N='Text'><Cell N='Value' V='Prop' U='STR' F='Inh'/></Row><Row N='TruncText'><Cell N='Value' V='Prop' U='STR' F='Inh'/></Row><Row N='TruncLen'><Cell N='Value' V='14' F='Inh'/></Row><Row N='Len'><Cell N='Value' V='4' F='Inh'/></Row><Row N='Correction'><Cell N='Value' V='0.7430579337195107' F='Inh'/></Row></Section><Section N='Field'><Row IX='0'><Cell N='Value' V='Prop' U='STR' F='Inh'/></Row></Section><Section N='Geometry' IX='0'><Row T='LineTo' IX='2'><Cell N='X' V='1.367290002618656' U='MM' F='Inh'/></Row><Row T='LineTo' IX='3'><Cell N='X' V='1.367290002618656' U='MM' F='Inh'/></Row></Section></Shape></Shapes></Shape><Shape ID='1257' Type='Shape' MasterShape='19'><Cell N='Width' V='1.249179766398183' U='MM' F='Inh'/></Shape><Shape ID='1258' Type='Shape' MasterShape='21'><Cell N='Width' V='1.249179766398183' U='MM' F='Inh'/></Shape><Shape ID='23' Type='Foreign' MasterShape='48'/></Shapes></Shape></Shapes></Shape><Shape ID='1259' NameU='Office' Name='Office' Type='Group' Master='1113' UniqueID='{52E9C3CA-FBE7-47B6-BCAD-D33E208FF231}'><Cell N='PinX' V='4.13385832980086'/><Cell N='PinY' V='10.94081609200738'/><Cell N='Width' V='1.606381484345977'/><Cell N='LocPinX' V='0.8031907421729883' F='Inh'/><Section N='Connection'><Row T='Connection' IX='0'><Cell N='X' V='0.8031907421729883' F='Inh'/></Row></Section><Shapes><Shape ID='1260' Type='Group' MasterShape='16'><Cell N='Width' V='1.606381484345977' F='Inh'/><Shapes><Shape ID='1261' Type='Shape' MasterShape='31'><Cell N='PinX' V='0.8028947275094712' F='Inh'/><Cell N='Width' V='1.605789455018959' F='Inh'/><Cell N='LocPinX' V='0.8028947275094793' F='Inh'/></Shape><Shape ID='1262' Type='Group' MasterShape='17'><Cell N='Width' V='1.409531090645189' U='MM' F='Inh'/><Section N='Control'><Row N='Correction'><Cell N='X' V='1.409531090645189' U='MM' F='Inh'/><Cell N='XDyn' V='1.409531090645189' U='MM' F='Inh'/></Row></Section><Text>Props
</Text><Shapes><Shape ID='1263' Type='Shape' MasterShape='18'><Cell N='Width' V='1.409531090645189' U='MM' F='Inh'/><Section N='User'><Row N='Text'><Cell N='Value' V='Props' U='STR' F='Inh'/></Row><Row N='TruncText'><Cell N='Value' V='Props' U='STR' F='Inh'/></Row><Row N='TruncLen'><Cell N='Value' V='18' F='Inh'/></Row><Row N='Len'><Cell N='Value' V='5' F='Inh'/></Row></Section><Section N='Field'><Row IX='0'><Cell N='Value' V='Props' U='STR' F='Inh'/></Row></Section><Section N='Geometry' IX='0'><Row T='LineTo' IX='2'><Cell N='X' V='1.409531090645189' U='MM' F='Inh'/></Row><Row T='LineTo' IX='3'><Cell N='X' V='1.409531090645189' U='MM' F='Inh'/></Row></Section></Shape></Shapes></Shape><Shape ID='1264' Type='Shape' MasterShape='19'><Cell N='Width' V='1.291420854424717' U='MM' F='Inh'/></Shape><Shape ID='1265' Type='Shape' MasterShape='21'><Cell N='Width' V='1.291420854424717' U='MM' F='Inh'/></Shape><Shape ID='24' Type='Foreign' MasterShape='50'/></Shapes></Shape></Shapes></Shape><Shape ID='1266' NameU='CDS' Name='CDS' Type='Group' Master='1116' UniqueID='{1C4D843F-F119-4A07-B830-24E34300C567}'><Cell N='PinX' V='4.133858329800857'/><Cell N='PinY' V='10.94081609200738'/><Shapes><Shape ID='1267' Type='Group' MasterShape='16'><Shapes><Shape ID='25' Type='Foreign' MasterShape='30'/><Shape ID='1268' Type='Shape' MasterShape='31'/><Shape ID='1269' Type='Group' MasterShape='17'><Shapes><Shape ID='1270' Type='Shape' MasterShape='18'><Section N='Field'><Row IX='0' Del='1'/></Section><Section N='Character'><Row IX='0'><Cell N='LangID' V='en-GB'/></Row></Section><Text><cp IX='0'/>Props
</Text></Shape></Shapes></Shape><Shape ID='1271' Type='Shape' MasterShape='19'/><Shape ID='1272' Type='Shape' MasterShape='21'/></Shapes></Shape><Shape ID='26' Type='Foreign' MasterShape='33'/></Shapes></Shape><Shape ID='1273' NameU='Office.1273' Name='Office.1273' Type='Group' Master='1119' UniqueID='{188B64F9-1179-4886-AA17-99347F6EAD94}'><Cell N='PinX' V='4.133858329800855'/><Cell N='PinY' V='10.94081609200738'/><Shapes><Shape ID='1274' Type='Group' MasterShape='16'><Shapes><Shape ID='1275' Type='Shape' MasterShape='31'/><Shape ID='1276' Type='Group' MasterShape='17'><Text>Props
</Text><Shapes><Shape ID='1277' Type='Shape' MasterShape='18'><Section N='User'><Row N='Text'><Cell N='Value' V='Props' U='STR' F='Inh'/></Row><Row N='TruncText'><Cell N='Value' V='Props' U='STR' F='Inh'/></Row><Row N='TextHeight'><Cell N='Value' V='0.2000469482421875' U='DL' F='Inh'/></Row><Row N='TruncLen'><Cell N='Value' V='18' F='Inh'/></Row><Row N='Len'><Cell N='Value' V='5' F='Inh'/></Row></Section><Section N='Field'><Row IX='0'><Cell N='Value' V='Props' U='STR' F='Inh'/></Row></Section></Shape></Shapes></Shape><Shape ID='1278' Type='Shape' MasterShape='19'/><Shape ID='1279' Type='Shape' MasterShape='21'/></Shapes></Shape><Shape ID='27' Type='Foreign' MasterShape='44'/></Shapes></Shape></Shapes></PageContents>