<?xml version='1.0' encoding='utf-8' ?>
<MasterContents xmlns='http://schemas.microsoft.com/office/visio/2012/main' xmlns:r='http://schemas.openxmlformats.org/officeDocument/2006/relationships' xml:space='preserve'><Shapes><Shape ID='14' NameU='Action.1001' IsCustomNameU='1' Name='Action.1001' IsCustomName='1' Type='Group' LineStyle='0' FillStyle='0' TextStyle='0' UniqueID='{D8A2FC1E-818D-49F5-BF5E-873C2DD8E98B}'><Cell N='PinX' V='2.480315004715793'/><Cell N='PinY' V='7.220440236171057'/><Cell N='Width' V='1.338582808078144'/><Cell N='Height' V='0.7561631610423686'/><Cell N='LocPinX' V='0.6692914040390718' F='Width*0.5'/><Cell N='LocPinY' V='0.3780815805211843' F='Height*0.5'/><Cell N='Angle' V='0'/><Cell N='FlipX' V='0'/><Cell N='FlipY' V='0'/><Cell N='ResizeMode' V='0'/><Section N='Connection'><Row T='Connection' IX='0'><Cell N='X' V='0.6692914040390718' F='Width*0.5'/><Cell N='Y' V='0.7561631593845111' F='Height*0.99999999780754'/><Cell N='DirX' V='0'/><Cell N='DirY' V='0'/><Cell N='Type' V='0'/><Cell N='AutoGen' V='0'/><Cell N='Prompt' V='' F='No Formula'/></Row></Section><Section N='Property'><Row N='ActionType'><Cell N='Value' V='test type' U='STR'/><Cell N='Prompt' V='' F='No Formula'/><Cell N='Label' V='ActionType'/><Cell N='Format' V='' F='No Formula'/><Cell N='SortKey' V='' F='No Formula'/><Cell N='Type' V='0'/><Cell N='Invisible' V='0' F='No Formula'/><Cell N='Verify' V='0' F='No Formula'/><Cell N='DataLinked' V='0' F='No Formula'/><Cell N='LangID' V='en-GB'/><Cell N='Calendar' V='0' F='No Formula'/></Row><Row N='ActionName'><Cell N='Value' V=' adf' U='STR'/><Cell N='Prompt' V='' F='No Formula'/><Cell N='Label' V='ActionName'/><Cell N='Format' V='' F='No Formula'/><Cell N='SortKey' V='' F='No Formula'/><Cell N='Type' V='0'/><Cell N='Invisible' V='0' F='No Formula'/><Cell N='Verify' V='0' F='No Formula'/><Cell N='DataLinked' V='0' F='No Formula'/><Cell N='LangID' V='en-GB'/><Cell N='Calendar' V='0' F='No Formula'/></Row></Section><Shapes><Shape ID='16' Type='Group' LineStyle='3' FillStyle='3' TextStyle='3' UniqueID='{B3863A86-5F65-46F5-85FF-BC2C5BE83218}'><Cell N='PinX' V='0'/><Cell N='PinY' V='0'/><Cell N='Width' V='1.338582808078144' F='GUARD(Sheet.14!Width)'/><Cell N='Height' V='0.7561631610423686' F='GUARD(Sheet.14!Height)'/><Cell N='LocPinX' V='0'/><Cell N='LocPinY' V='0'/><Cell N='Angle' V='0'/><Cell N='FlipX' V='0'/><Cell N='FlipY' V='0'/><Cell N='ResizeMode' V='0'/><Cell N='QuickStyleVariation' V='2'/><Cell N='LinePattern' V='0'/><Cell N='LineGradientEnabled' V='0'/><Cell N='ShapeShdwShow' V='2'/><Cell N='LockWidth' V='1'/><Cell N='LockHeight' V='1'/><Cell N='LockMoveX' V='1'/><Cell N='LockMoveY' V='1'/><Shapes><Shape ID='31' Type='Shape' LineStyle='3' FillStyle='3' TextStyle='3' UniqueID='{FD02D5F5-7108-4FB5-B668-E3BBF63DAD79}'><Cell N='PinX' V='0.6690447377624843' F='Sheet.16!Width*0.49981572579963'/><Cell N='PinY' V='0.3789279930690205' F='Sheet.16!Height*0.50111935173709'/><Cell N='Width' V='1.338089475524982' F='Sheet.16!Width*0.99963145159927'/><Cell N='Height' V='0.7578559861380562' F='Sheet.16!Height*1.0022387034742'/><Cell N='LocPinX' V='0.6690447377624911' F='Width*0.5'/><Cell N='LocPinY' V='0.3789279930690281' F='Height*0.5'/><Cell N='Angle' V='0'/><Cell N='FlipX' V='0'/><Cell N='FlipY' V='0'/><Cell N='ResizeMode' V='0'/><Cell N='LockWidth' V='1'/><Cell N='LockHeight' V='1'/><Cell N='LockMoveX' V='1'/><Cell N='LockMoveY' V='1'/><Cell N='LockAspect' V='1'/><Cell N='LockSelect' V='1'/><Section N='Geometry' IX='0'><Cell N='NoFill' V='0'/><Cell N='NoLine' V='0'/><Cell N='NoShow' V='0'/><Cell N='NoSnap' V='0'/><Cell N='NoQuickDrag' V='0'/><Row T='RelMoveTo' IX='1'><Cell N='X' V='0'/><Cell N='Y' V='0'/></Row><Row T='RelLineTo' IX='2'><Cell N='X' V='1'/><Cell N='Y' V='0'/></Row><Row T='RelLineTo' IX='3'><Cell N='X' V='1'/><Cell N='Y' V='1'/></Row><Row T='RelLineTo' IX='4'><Cell N='X' V='0'/><Cell N='Y' V='1'/></Row><Row T='RelLineTo' IX='5'><Cell N='X' V='0'/><Cell N='Y' V='0'/></Row></Section></Shape><Shape ID='17' Type='Group' LineStyle='3' FillStyle='3' TextStyle='3' UniqueID='{57B9889E-1B09-4372-B15C-97DE1128C891}'><Cell N='PinX' V='0.07874015748031496' U='MM' F='GUARD(2MM)'/><Cell N='PinY' V='0' F='GUARD(0)'/><Cell N='Width' V='1.141732414377356' U='MM' F='GUARD(Sheet.16!Width-5MM)'/><Cell N='Height' V='0.4913243055385889' U='MM' F='GUARD(Sheet.16!Height-Sheet.19!Height-Sheet.21!Height)'/><Cell N='LocPinX' V='0' F='GUARD(0)'/><Cell N='LocPinY' V='0' F='GUARD(0)'/><Cell N='Angle' V='0'/><Cell N='FlipX' V='0'/><Cell N='FlipY' V='0'/><Cell N='ResizeMode' V='0'/><Cell N='LeftMargin' V='0' U='MM'/><Cell N='RightMargin' V='0' U='MM'/><Cell N='TopMargin' V='0' U='MM'/><Cell N='BottomMargin' V='0' U='MM'/><Cell N='VerticalAlign' V='0'/><Cell N='LinePattern' V='0'/><Cell N='HideText' V='1'/><Cell N='LangID' V='de-DE' F='Inh'/><Cell N='QuickStyleVariation' V='4'/><Cell N='LineGradientEnabled' V='0'/><Section N='Control'><Row N='Correction'><Cell N='X' V='1.141732414377356' U='MM' F='GUARD(Width*1)'/><Cell N='Y' V='0.1277081191477503' U='MM' F='Height*0.25992632098214'/><Cell N='XDyn' V='1.141732414377356' U='MM' F='Controls.Correction'/><Cell N='YDyn' V='0.1277081191477503' U='MM' F='Controls.Correction.Y'/><Cell N='XCon' V='0'/><Cell N='YCon' V='0'/><Cell N='CanGlue' V='1'/><Cell N='Prompt' V=''/></Row></Section><Section N='Character'><Row IX='0'><Cell N='Font' V='Calibri Light'/><Cell N='Style' V='0'/><Cell N='Size' V='0.08333333333333333' U='PT'/><Cell N='ComplexScriptFont' V='Calibri Light'/></Row></Section><Section N='Paragraph'><Row IX='0'><Cell N='HorzAlign' V='0'/></Row></Section><Text><cp IX='0'/><pp IX='0'/>Properties
</Text><Shapes><Shape ID='18' Type='Shape' LineStyle='3' FillStyle='3' TextStyle='3'><Cell N='PinX' V='0' F='GUARD(0)'/><Cell N='PinY' V='0' F='GUARD(0)'/><Cell N='Width' V='1.141732414377356' U='MM' F='GUARD(Sheet.17!Width)'/><Cell N='Height' V='0.4913243055385889' U='MM' F='GUARD(Sheet.17!Height)'/><Cell N='LocPinX' V='0' F='GUARD(0)'/><Cell N='LocPinY' V='0' F='GUARD(0)'/><Cell N='Angle' V='0'/><Cell N='FlipX' V='0'/><Cell N='FlipY' V='0'/><Cell N='ResizeMode' V='0'/><Cell N='FillPattern' V='0'/><Cell N='LeftMargin' V='0' U='MM'/><Cell N='RightMargin' V='0.01968503937007874' U='MM'/><Cell N='TopMargin' V='0' U='MM'/><Cell N='BottomMargin' V='0' U='MM'/><Cell N='VerticalAlign' V='0'/><Cell N='LinePattern' V='0'/><Cell N='LineGradientEnabled' V='0'/><Cell N='FillGradientEnabled' V='0' F='THEMEVAL("FillGradientEnabled",FALSE)'/><Cell N='LangID' V='de-DE' F='Inh'/><Section N='User'><Row N='Text'><Cell N='Value' V='Properties' U='STR' F='SHAPETEXT(Sheet.17!TheText)'/><Cell N='Prompt' V=''/></Row><Row N='HeightRatio'><Cell N='Value' V='4.910862557922815' F='Sheet.17!Height/TEXTHEIGHT(Sheet.17!TheText,Sheet.17!Width)'/><Cell N='Prompt' V=''/></Row><Row N='TruncText'><Cell N='Value' V='Properties' U='STR' F='LEFT(User.Text,User.TruncLen)&amp;IF(User.TruncLen&lt;User.Len," ... ","")'/><Cell N='Prompt' V=''/></Row><Row N='TextHeight'><Cell N='Value' V='0.1000484741210937' U='DL' F='TEXTHEIGHT(User.Text,Width)'/><Cell N='Prompt' V=''/></Row><Row N='TruncLen'><Cell N='Value' V='36' F='INT(LEN(User.Text)*User.HeightRatio*User.Correction)'/><Cell N='Prompt' V=''/></Row><Row N='Len'><Cell N='Value' V='10' F='LEN(User.Text)'/><Cell N='Prompt' V=''/></Row><Row N='Correction'><Cell N='Value' V='0.7400736790178599' F='1-Sheet.17!Controls.Correction.Y/Sheet.17!Height'/><Cell N='Prompt' V=''/></Row></Section><Section N='Field'><Row IX='0'><Cell N='Value' V='Properties' U='STR' F='User.TruncText'/><Cell N='Format' V='esc(0)' U='STR' F='FIELDPICTURE(0)'/><Cell N='Type' V='0'/><Cell N='UICat' V='0'/><Cell N='UICod' V='255'/><Cell N='UIFmt' V='0'/><Cell N='Calendar' V='0'/><Cell N='ObjectKind' V='0'/></Row></Section><Section N='Character'><Row IX='0'><Cell N='Font' V='Calibri Light'/><Cell N='Style' V='0'/><Cell N='Size' V='0.08333333333333333' U='PT'/><Cell N='ComplexScriptFont' V='Calibri Light'/><Cell N='LangID' V='de-DE'/></Row></Section><Section N='Paragraph'><Row IX='0'><Cell N='HorzAlign' V='0'/></Row></Section><Section N='Geometry' IX='0'><Cell N='NoFill' V='0'/><Cell N='NoLine' V='0'/><Cell N='NoShow' V='0'/><Cell N='NoSnap' V='0'/><Cell N='NoQuickDrag' V='0'/><Row T='MoveTo' IX='1'><Cell N='X' V='0' U='MM' F='Width*0'/><Cell N='Y' V='0' U='MM' F='Height*0'/></Row><Row T='LineTo' IX='2'><Cell N='X' V='1.141732414377356' U='MM' F='Width*1'/><Cell N='Y' V='0' U='MM' F='Height*0'/></Row><Row T='LineTo' IX='3'><Cell N='X' V='1.141732414377356' U='MM' F='Width*1'/><Cell N='Y' V='0.4913243055385889' U='MM' F='Height*1'/></Row><Row T='LineTo' IX='4'><Cell N='X' V='0' U='MM' F='Width*0'/><Cell N='Y' V='0.4913243055385889' U='MM' F='Height*1'/></Row><Row T='LineTo' IX='5'><Cell N='X' V='0' U='MM' F='Width*0'/><Cell N='Y' V='0' U='MM' F='Height*0'/></Row></Section><Text><cp IX='0'/><pp IX='0'/><fld IX='0'>Properties</fld>
</Text></Shape></Shapes></Shape><Shape ID='19' Type='Shape' LineStyle='3' FillStyle='3' TextStyle='3' UniqueID='{BDFB1F5C-2C46-487B-826D-493CF2B85340}'><Cell N='PinX' V='0.2755905511811024' U='MM' F='GUARD(7MM)'/><Cell N='PinY' V='0.4814817858535495' U='MM' F='GUARD(Sheet.16!Height-Sheet.21!Height-Height-0.25MM)'/><Cell N='Width' V='1.023622178156884' U='MM' F='GUARD(Sheet.16!Width-8MM)'/><Cell N='Height' V='0.1324194277518899' U='MM' F='GUARD(TEXTHEIGHT(TheText,2)-2MM)'/><Cell N='LocPinX' V='0' F='GUARD(0)'/><Cell N='LocPinY' V='0' F='GUARD(0)'/><Cell N='Angle' V='0'/><Cell N='FlipX' V='0'/><Cell N='FlipY' V='0'/><Cell N='ResizeMode' V='0'/><Cell N='LinePattern' V='0'/><Cell N='LineGradientEnabled' V='0'/><Cell N='FillGradientEnabled' V='0'/><Cell N='FillForegnd' V='#d9ecfb' F='THEMEGUARD(RGB(217,236,251))'/><Cell N='FillBkgnd' V='#e2f0fc' F='THEMEGUARD(SHADE(FillForegnd,LUMDIFF(THEMEVAL("FillColor"),THEMEVAL("FillColor2"))))'/><Section N='Field'><Row IX='0'><Cell N='Value' V=' adf' U='STR' F='Sheet.14!Prop.ActionName'/><Cell N='Format' V='esc(0)' U='STR' F='FIELDPICTURE(0)'/><Cell N='Type' V='0'/><Cell N='UICat' V='0'/><Cell N='UICod' V='0'/><Cell N='UIFmt' V='0'/><Cell N='Calendar' V='0'/><Cell N='ObjectKind' V='0'/></Row></Section><Section N='Character'><Row IX='0'><Cell N='Style' V='17'/><Cell N='Size' V='0.08333333333333333'/></Row></Section><Section N='Paragraph'><Row IX='0'><Cell N='HorzAlign' V='0'/></Row></Section><Section N='Geometry' IX='0'><Cell N='NoFill' V='0'/><Cell N='NoLine' V='0'/><Cell N='NoShow' V='0'/><Cell N='NoSnap' V='0'/><Cell N='NoQuickDrag' V='0'/><Row T='RelMoveTo' IX='1'><Cell N='X' V='0'/><Cell N='Y' V='0'/></Row><Row T='RelLineTo' IX='2'><Cell N='X' V='1'/><Cell N='Y' V='0'/></Row><Row T='RelLineTo' IX='3'><Cell N='X' V='1'/><Cell N='Y' V='1'/></Row><Row T='RelLineTo' IX='4'><Cell N='X' V='0'/><Cell N='Y' V='1'/></Row><Row T='RelLineTo' IX='5'><Cell N='X' V='0'/><Cell N='Y' V='0'/></Row></Section><Text><cp IX='0'/><pp IX='0'/><fld IX='0'> adf</fld>
</Text></Shape><Shape ID='21' Type='Shape' LineStyle='3' FillStyle='3' TextStyle='3' UniqueID='{D428C5E1-DAE8-454A-B2A1-2E5D37FB4F2A}'><Cell N='PinX' V='0.2755905511811024' U='MM' F='GUARD(7MM)'/><Cell N='PinY' V='0.6139012136054394' U='MM' F='GUARD(Sheet.16!Height-Height-0.25MM)'/><Cell N='Width' V='1.023622178156884' U='MM' F='GUARD(Sheet.16!Width-8MM)'/><Cell N='Height' V='0.1324194277518899' U='MM' F='GUARD(TEXTHEIGHT(TheText,2)-2MM)'/><Cell N='LocPinX' V='0' U='MM' F='Width*0'/><Cell N='LocPinY' V='0' U='MM' F='Height*0'/><Cell N='Angle' V='0'/><Cell N='FlipX' V='0'/><Cell N='FlipY' V='0'/><Cell N='ResizeMode' V='0'/><Cell N='LinePattern' V='0'/><Cell N='LineGradientDir' V='0'/><Cell N='LineGradientAngle' V='1.5707963267949' U='DEG'/><Cell N='LineGradientEnabled' V='0'/><Cell N='FillGradientEnabled' V='0'/><Cell N='FillForegnd' V='#d9ecfb' F='THEMEGUARD(RGB(217,236,251))'/><Cell N='FillBkgnd' V='#e2f0fc' F='THEMEGUARD(SHADE(FillForegnd,LUMDIFF(THEMEVAL("FillColor"),THEMEVAL("FillColor2"))))'/><Section N='Field'><Row IX='0'><Cell N='Value' V='test type' U='STR' F='Sheet.14!Prop.ActionType'/><Cell N='Format' V='esc(0)' U='STR' F='FIELDPICTURE(0)'/><Cell N='Type' V='0'/><Cell N='UICat' V='0'/><Cell N='UICod' V='0'/><Cell N='UIFmt' V='0'/><Cell N='Calendar' V='0'/><Cell N='ObjectKind' V='0'/></Row></Section><Section N='Character'><Row IX='0'><Cell N='Size' V='0.08333333333333333'/></Row></Section><Section N='Paragraph'><Row IX='0'><Cell N='HorzAlign' V='0'/></Row></Section><Section N='LineGradient'><Row IX='0'><Cell N='GradientStopColor' V='#fbf6f5' F='THEMEGUARD(MSOTINT(THEMEVAL("AccentColor"),95))'/><Cell N='GradientStopColorTrans' V='0'/><Cell N='GradientStopPosition' V='0'/></Row><Row IX='1'><Cell N='GradientStopColor' V='#e2b0ab' F='THEMEGUARD(MSOTINT(THEMEVAL("AccentColor"),55))'/><Cell N='GradientStopColorTrans' V='0'/><Cell N='GradientStopPosition' V='0.74'/></Row><Row IX='2'><Cell N='GradientStopColor' V='#e2b0ab' F='THEMEGUARD(MSOTINT(THEMEVAL("AccentColor"),55))'/><Cell N='GradientStopColorTrans' V='0'/><Cell N='GradientStopPosition' V='0.83'/></Row><Row IX='3'><Cell N='GradientStopColor' V='#eccac7' F='THEMEGUARD(MSOTINT(THEMEVAL("AccentColor"),70))'/><Cell N='GradientStopColorTrans' V='0'/><Cell N='GradientStopPosition' V='1'/></Row><Row IX='4' Del='1'/><Row IX='5' Del='1'/><Row IX='6' Del='1'/><Row IX='7' Del='1'/><Row IX='8' Del='1'/><Row IX='9' Del='1'/></Section><Section N='Geometry' IX='0'><Cell N='NoFill' V='0'/><Cell N='NoLine' V='0'/><Cell N='NoShow' V='0'/><Cell N='NoSnap' V='0'/><Cell N='NoQuickDrag' V='0'/><Row T='RelMoveTo' IX='1'><Cell N='X' V='0'/><Cell N='Y' V='0'/></Row><Row T='RelLineTo' IX='2'><Cell N='X' V='1'/><Cell N='Y' V='0'/></Row><Row T='RelLineTo' IX='3'><Cell N='X' V='1'/><Cell N='Y' V='1'/></Row><Row T='RelLineTo' IX='4'><Cell N='X' V='0'/><Cell N='Y' V='1'/></Row><Row T='RelLineTo' IX='5'><Cell N='X' V='0'/><Cell N='Y' V='0'/></Row></Section><Text><cp IX='0'/><pp IX='0'/><fld IX='0'>test type</fld>
</Text></Shape><Shape ID='39' Type='Group' LineStyle='8' FillStyle='8' TextStyle='8' UniqueID='{291C78E3-BD1D-4B7A-B738-137CAD7975B3}'><Cell N='PinX' V='0.03937007874015748' U='MM' F='GUARD(1MM)'/><Cell N='PinY' V='0.5199426886014237' U='MM' F='GUARD(Sheet.16!Height-6MM)'/><Cell N='Width' V='0.1968503937007874' U='MM' F='GUARD(5MM)'/><Cell N='Height' V='0.1968503937007874' U='MM' F='GUARD(5MM)'/><Cell N='LocPinX' V='0' U='MM'/><Cell N='LocPinY' V='0' U='MM'/><Cell N='Angle' V='0'/><Cell N='FlipX' V='0'/><Cell N='FlipY' V='0'/><Cell N='ResizeMode' V='0'/><Shapes><Shape ID='40' Type='Shape' LineStyle='8' FillStyle='8' TextStyle='8'><Cell N='PinX' V='0.09842519685039369' U='MM' F='Sheet.39!Width*0.5'/><Cell N='PinY' V='0.09842519685039369' U='MM' F='Sheet.39!Height*0.5'/><Cell N='Width' V='0.1968503937007874' U='MM' F='Sheet.39!Width*1'/><Cell N='Height' V='0.1968503937007874' U='MM' F='Sheet.39!Height*1'/><Cell N='LocPinX' V='0.09842519685039369' U='MM' F='Width*0.5'/><Cell N='LocPinY' V='0.09842519685039369' U='MM' F='Height*0.5'/><Cell N='Angle' V='0'/><Cell N='FlipX' V='0'/><Cell N='FlipY' V='0'/><Cell N='ResizeMode' V='0'/><Cell N='FillForegnd' V='#1f85ff'/><Section N='Geometry' IX='0'><Cell N='NoFill' V='0'/><Cell N='NoLine' V='0'/><Cell N='NoShow' V='0'/><Cell N='NoSnap' V='0'/><Cell N='NoQuickDrag' V='0'/><Row T='RelMoveTo' IX='1'><Cell N='X' V='0'/><Cell N='Y' V='1'/></Row><Row T='RelLineTo' IX='2'><Cell N='X' V='1'/><Cell N='Y' V='1'/></Row><Row T='RelLineTo' IX='3'><Cell N='X' V='1'/><Cell N='Y' V='0'/></Row><Row T='RelLineTo' IX='4'><Cell N='X' V='0'/><Cell N='Y' V='0'/></Row><Row T='RelLineTo' IX='5'><Cell N='X' V='0'/><Cell N='Y' V='1'/></Row></Section></Shape><Shape ID='41' Type='Group' LineStyle='8' FillStyle='8' TextStyle='8'><Cell N='PinX' V='0.09842519685039369' U='MM' F='Sheet.39!Width*0.5'/><Cell N='PinY' V='0.09860359251968504' U='MM' F='Sheet.39!Height*0.50090625'/><Cell N='Width' V='0.08535925196850393' U='MM' F='Sheet.39!Width*0.433625'/><Cell N='Height' V='0.09878198818897636' U='MM' F='Sheet.39!Height*0.5018125'/><Cell N='LocPinX' V='0.04267962598425196' U='MM' F='Width*0.5'/><Cell N='LocPinY' V='0.04939099409448818' U='MM' F='Height*0.5'/><Cell N='Angle' V='0'/><Cell N='FlipX' V='0'/><Cell N='FlipY' V='0'/><Cell N='ResizeMode' V='0'/><Shapes><Shape ID='42' Type='Shape' LineStyle='8' FillStyle='8' TextStyle='8'><Cell N='PinX' V='0.04267962598425196' U='MM' F='Sheet.41!Width*0.5'/><Cell N='PinY' V='0.0426580954724412' U='MM' F='Sheet.41!Height*0.43184082700212'/><Cell N='Width' V='0.08535925196850393' U='MM' F='Sheet.41!Width*1'/><Cell N='Height' V='0.08531619094488142' U='MM' F='Sheet.41!Height*0.86368165400423'/><Cell N='LocPinX' V='0.04267962598425196' U='MM' F='Width*0.5'/><Cell N='LocPinY' V='0.04265809547244071' U='MM' F='Height*0.5'/><Cell N='Angle' V='0'/><Cell N='FlipX' V='0'/><Cell N='FlipY' V='0'/><Cell N='ResizeMode' V='0'/><Cell N='FillForegnd' V='1'/><Section N='Geometry' IX='0'><Cell N='NoFill' V='0'/><Cell N='NoLine' V='0'/><Cell N='NoShow' V='0'/><Cell N='NoSnap' V='0'/><Cell N='NoQuickDrag' V='0'/><Row T='RelMoveTo' IX='1'><Cell N='X' V='0.5010810031709424'/><Cell N='Y' V='0.9994952772370034'/></Row><Row T='RelCubBezTo' IX='2'><Cell N='X' V='0.0005044681464398406'/><Cell N='Y' V='0.4997476386185017'/><Cell N='A' V='0.2243441914096281'/><Cell N='B' V='1'/><Cell N='C' V='0'/><Cell N='D' V='0.7755425769702213'/></Row><Row T='RelCubBezTo' IX='3'><Cell N='X' V='0.49949553185356'/><Cell N='Y' V='-1.9212165686786E-16'/><Cell N='A' V='0.001008936292879681'/><Cell N='B' V='0.2233758742519286'/><Cell N='C' V='0.2243441914096281'/><Cell N='D' V='-1.9212165686786E-16'/></Row><Row T='RelCubBezTo' IX='4'><Cell N='X' V='0.9994955318535599'/><Cell N='Y' V='0.499242915855505'/><Cell N='A' V='0.7746468722974921'/><Cell N='B' V='-1.9212165686786E-16'/><Cell N='C' V='0.9989910637071201'/><Cell N='D' V='0.223952700266782'/></Row><Row T='RelCubBezTo' IX='5'><Cell N='X' V='0.5010089362928799'/><Cell N='Y' V='0.9994952772370034'/><Cell N='A' V='1'/><Cell N='B' V='0.7740284086812314'/><Cell N='C' V='0.7756558085903719'/><Cell N='D' V='0.9994952772370034'/></Row><Row T='RelLineTo' IX='6'><Cell N='X' V='0.5010810031709424'/><Cell N='Y' V='0.9994952772370034'/></Row></Section><Section N='Geometry' IX='1'><Cell N='NoFill' V='0'/><Cell N='NoLine' V='0'/><Cell N='NoShow' V='0'/><Cell N='NoSnap' V='0'/><Cell N='NoQuickDrag' V='0'/><Row T='RelMoveTo' IX='1'><Cell N='X' V='0.4989910637071202'/><Cell N='Y' V='0.1106063883481142'/></Row><Row T='RelCubBezTo' IX='2'><Cell N='X' V='0.1111271259729028'/><Cell N='Y' V='0.5012618069074913'/><Cell N='A' V='0.277313346785817'/><Cell N='B' V='0.1116879371259643'/><Cell N='C' V='0.1101181896800229'/><Cell N='D' V='0.2905040017304779'/></Row><Row T='RelCubBezTo' IX='3'><Cell N='X' V='0.5152061112712597'/><Cell N='Y' V='0.8888167856370322'/><Cell N='A' V='0.1122081291438455'/><Cell N='B' V='0.7246376811594202'/><Cell N='C' V='0.2982127414240415'/><Cell N='D' V='0.8950897685485615'/></Row><Row T='RelCubBezTo' IX='4'><Cell N='X' V='0.8883684058806571'/><Cell N='Y' V='0.4997476386185014'/><Cell N='A' V='0.7180743730181608'/><Cell N='B' V='0.8825438027255029'/><Cell N='C' V='0.8904583453444797'/><Cell N='D' V='0.7063234551878287'/></Row><Row T='RelCubBezTo' IX='5'><Cell N='X' V='0.4989189968290574'/><Cell N='Y' V='0.1106784915999708'/><Cell N='A' V='0.8878639377342172'/><Cell N='B' V='0.2842310188189484'/><Cell N='C' V='0.7159123666762756'/><Cell N='D' V='0.1095969428221209'/></Row><Row T='RelLineTo' IX='6'><Cell N='X' V='0.4989910637071202'/><Cell N='Y' V='0.1106063883481142'/></Row></Section></Shape><Shape ID='43' Type='Shape' LineStyle='8' FillStyle='8' TextStyle='8'><Cell N='PinX' V='0.06639087106299248' U='MM' F='Sheet.41!Width*0.77778178149323'/><Cell N='PinY' V='0.08585137795275544' U='MM' F='Sheet.41!Height*0.8690995142608'/><Cell N='Width' V='0.03382750984251969' U='MM' F='Sheet.41!Width*0.39629576246757'/><Cell N='Height' V='0.02576279527559069' U='MM' F='Sheet.41!Height*0.26080458338523'/><Cell N='LocPinX' V='0.01691375492125984' U='MM' F='Width*0.5'/><Cell N='LocPinY' V='0.01288139763779535' U='MM' F='Height*0.5'/><Cell N='Angle' V='0'/><Cell N='FlipX' V='0'/><Cell N='FlipY' V='0'/><Cell N='ResizeMode' V='0'/><Cell N='FillForegnd' V='1'/><Section N='Geometry' IX='0'><Cell N='NoFill' V='0'/><Cell N='NoLine' V='0'/><Cell N='NoShow' V='0'/><Cell N='NoSnap' V='0'/><Cell N='NoQuickDrag' V='0'/><Row T='RelMoveTo' IX='1'><Cell N='X' V='0.880887434078924'/><Cell N='Y' V='6.3623095967058E-16'/></Row><Row T='RelCubBezTo' IX='2'><Cell N='X' V='0.9563557010365524'/><Cell N='Y' V='0.2430754536771735'/><Cell N='A' V='0.9059829059829068'/><Cell N='B' V='0.08333333333333401'/><Cell N='C' V='0.9285324604473548'/><Cell N='D' V='0.1649952244508124'/></Row><Row T='RelCubBezTo' IX='3'><Cell N='X' V='0.9087106746681217'/><Cell N='Y' V='0.5503820439350533'/><Cell N='A' V='1'/><Cell N='B' V='0.3629417382999052'/><Cell N='C' V='0.9761774868157855'/><Cell N='D' V='0.4670487106017199'/></Row><Row T='RelCubBezTo' IX='4'><Cell N='X' V='0.3478814329878163'/><Cell N='Y' V='0.9723018147086918'/><Cell N='A' V='0.7486815784688129'/><Cell N='B' V='0.750000000000001'/><Cell N='C' V='0.5608292416803059'/><Cell N='D' V='0.8925501432664765'/></Row><Row T='RelCubBezTo' IX='5'><Cell N='X' V='0.158756137479542'/><Cell N='Y' V='0.9255014326647568'/><Cell N='A' V='0.2816875795599203'/><Cell N='B' V='0.9966571155682912'/><Cell N='C' V='0.2089470812875074'/><Cell N='D' V='1'/></Row><Row T='RelCubBezTo' IX='6'><Cell N='X' V='0'/><Cell N='Y' V='0.6511461318051587'/><Cell N='A' V='0.1018366975813789'/><Cell N='B' V='0.8421680993314235'/><Cell N='C' V='0.05419167121294816'/><Cell N='D' V='0.7466571155682911'/></Row><Row T='RelCubBezTo' IX='7'><Cell N='X' V='0.880887434078924'/><Cell N='Y' V='6.3623095967058E-16'/><Cell N='A' V='0.3531551191125664'/><Cell N='B' V='0.5661413562559703'/><Cell N='C' V='0.6413893435170036'/><Cell N='D' V='0.3455109837631338'/></Row><Row T='RelLineTo' IX='8'><Cell N='X' V='0.880887434078924'/><Cell N='Y' V='6.3623095967058E-16'/></Row></Section></Shape><Shape ID='44' Type='Shape' LineStyle='8' FillStyle='8' TextStyle='8'><Cell N='PinX' V='0.01885765255905485' U='MM' F='Sheet.41!Width*0.22092101470164'/><Cell N='PinY' V='0.08594365157480272' U='MM' F='Sheet.41!Height*0.87003362809814'/><Cell N='Width' V='0.03342150590551161' U='MM' F='Sheet.41!Width*0.39153934851542'/><Cell N='Height' V='0.0256766732283463' U='MM' F='Sheet.41!Height*0.25993274380371'/><Cell N='LocPinX' V='0.0167107529527558' U='MM' F='Width*0.5'/><Cell N='LocPinY' V='0.01283833661417315' U='MM' F='Height*0.5'/><Cell N='Angle' V='0'/><Cell N='FlipX' V='0'/><Cell N='FlipY' V='0'/><Cell N='ResizeMode' V='0'/><Cell N='FillForegnd' V='1'/><Section N='Geometry' IX='0'><Cell N='NoFill' V='0'/><Cell N='NoLine' V='0'/><Cell N='NoShow' V='0'/><Cell N='NoSnap' V='0'/><Cell N='NoQuickDrag' V='0'/><Row T='RelMoveTo' IX='1'><Cell N='X' V='0.1137493097736055'/><Cell N='Y' V='1.2767298797798E-15'/></Row><Row T='RelCubBezTo' IX='2'><Cell N='X' V='1'/><Cell N='Y' V='0.6533301389554396'/><Cell N='A' V='0.3546843364623591'/><Cell N='B' V='0.3502635361763307'/><Cell N='C' V='0.6466040861402537'/><Cell N='D' V='0.5663632007666521'/></Row><Row T='RelCubBezTo' IX='3'><Cell N='X' V='0.8794404564697219'/><Cell N='Y' V='0.8727839003354109'/><Cell N='A' V='0.9571139333701449'/><Cell N='B' V='0.7316722568279839'/><Cell N='C' V='0.9157003497147064'/><Cell N='D' V='0.8013895543842851'/></Row><Row T='RelCubBezTo' IX='4'><Cell N='X' V='0.6745812626541506'/><Cell N='Y' V='0.9791566842357468'/><Cell N='A' V='0.8299282164549974'/><Cell N='B' V='0.9738859607091535'/><Cell N='C' V='0.7588809129394442'/><Cell N='D' V='1'/></Row><Row T='RelCubBezTo' IX='5'><Cell N='X' V='0.1673108779679735'/><Cell N='Y' V='0.6516530905606149'/><Cell N='A' V='0.4831584759801215'/><Cell N='B' V='0.9302827024437004'/><Cell N='C' V='0.3224737713970183'/><Cell N='D' V='0.7980354575946346'/></Row><Row T='RelCubBezTo' IX='6'><Cell N='X' V='0.07491257132339392'/><Cell N='Y' V='0.540249161475804'/><Cell N='A' V='0.1338118903000184'/><Cell N='B' V='0.6202683277431736'/><Cell N='C' V='0.1030738082090925'/><Cell N='D' V='0.5802587446094891'/></Row><Row T='RelCubBezTo' IX='7'><Cell N='X' V='0.02135100312902618'/><Cell N='Y' V='0.3016291327264031'/><Cell N='A' V='0.02668875391128266'/><Cell N='B' V='0.4722089123143281'/><Cell N='C' V='0'/><Cell N='D' V='0.3921897460469592'/></Row><Row T='RelCubBezTo' IX='8'><Cell N='X' V='0.1137493097736057'/><Cell N='Y' V='0.0002395783421194421'/><Cell N='A' V='0.04675133443769532'/><Cell N='B' V='0.2022041207474864'/><Cell N='C' V='0.08153874470826417'/><Cell N='D' V='0.1046957355055119'/></Row><Row T='RelLineTo' IX='9'><Cell N='X' V='0.1137493097736055'/><Cell N='Y' V='1.2767298797798E-15'/></Row></Section></Shape><Shape ID='45' Type='Shape' LineStyle='8' FillStyle='8' TextStyle='8'><Cell N='PinX' V='0.0380198080708664' U='MM' F='Sheet.41!Width*0.4454093398674'/><Cell N='PinY' V='0.04912340059055167' U='MM' F='Sheet.41!Height*0.49729106987172'/><Cell N='Width' V='0.01967888779527537' U='MM' F='Sheet.41!Width*0.23054194292303'/><Cell N='Height' V='0.04205831692913389' U='MM' F='Sheet.41!Height*0.42576908705941'/><Cell N='LocPinX' V='0.009839443897637685' U='MM' F='Width*0.5'/><Cell N='LocPinY' V='0.02102915846456695' U='MM' F='Height*0.5'/><Cell N='Angle' V='0'/><Cell N='FlipX' V='0'/><Cell N='FlipY' V='0'/><Cell N='ResizeMode' V='0'/><Cell N='FillForegnd' V='1'/><Section N='Geometry' IX='0'><Cell N='NoFill' V='0'/><Cell N='NoLine' V='0'/><Cell N='NoShow' V='0'/><Cell N='NoSnap' V='0'/><Cell N='NoQuickDrag' V='0'/><Row T='RelMoveTo' IX='1'><Cell N='X' V='0.8980931541106598'/><Cell N='Y' V='0.9521720052654673'/></Row><Row T='RelCubBezTo' IX='2'><Cell N='X' V='0.5026570803376057'/><Cell N='Y' V='0.8446687143483984'/><Cell N='A' V='0.7092841512972807'/><Cell N='B' V='1'/><Cell N='C' V='0.5026570803376057'/><Cell N='D' V='0.9447125932426501'/></Row><Row T='RelCubBezTo' IX='3'><Cell N='X' V='0.5139105970615816'/><Cell N='Y' V='0.4191897030861487'/><Cell N='A' V='0.5048452641450449'/><Cell N='B' V='0.7032324118765538'/><Cell N='C' V='0.5073460456392624'/><Cell N='D' V='0.5616498464238698'/></Row><Row T='RelCubBezTo' IX='4'><Cell N='X' V='0.4526414504532666'/><Cell N='Y' V='0.3522012578616354'/><Cell N='A' V='0.5160987808690216'/><Cell N='B' V='0.391545999707474'/><Cell N='C' V='0.5001562988433882'/><Cell N='D' V='0.3713617083516156'/></Row><Row T='RelCubBezTo' IX='5'><Cell N='X' V='0.09784307596123831'/><Cell N='Y' V='0.2075471698113207'/><Cell N='A' V='0.3322913410440766'/><Cell N='B' V='0.3053971039929793'/><Cell N='C' V='0.2116286339481083'/><Cell N='D' V='0.2575691092584469'/></Row><Row T='RelCubBezTo' IX='6'><Cell N='X' V='0.09315411065958082'/><Cell N='Y' V='0.05323972502559601'/><Cell N='A' V='0'/><Cell N='B' V='0.1649846423870116'/><Cell N='C' V='0.002500781494217499'/><Cell N='D' V='0.1000438788942518'/></Row><Row T='RelCubBezTo' IX='7'><Cell N='X' V='0.4229446702094399'/><Cell N='Y' V='0.03934474184583897'/><Cell N='A' V='0.1819318537042825'/><Cell N='B' V='0.007459412022817178'/><Cell N='C' V='0.3251015942482025'/><Cell N='D' V='0'/></Row><Row T='RelCubBezTo' IX='8'><Cell N='X' V='0.9184120037511715'/><Cell N='Y' V='0.24674564867632'/><Cell N='A' V='0.5911222256955299'/><Cell N='B' V='0.1073570279362296'/><Cell N='C' V='0.757111597374179'/><Cell N='D' V='0.1755155770074596'/></Row><Row T='RelCubBezTo' IX='9'><Cell N='X' V='0.9843701156611431'/><Cell N='Y' V='0.3105163083223635'/><Cell N='A' V='0.9524851516098781'/><Cell N='B' V='0.2616644727219543'/><Cell N='C' V='0.9843701156611431'/><Cell N='D' V='0.289308176100629'/></Row><Row T='RelCubBezTo' IX='10'><Cell N='X' V='0.9865582994685831'/><Cell N='Y' V='0.6083077373116863'/><Cell N='A' V='0.9912472647702389'/><Cell N='B' V='0.409390083369899'/><Cell N='C' V='0.9865582994685831'/><Cell N='D' V='0.5094339622641508'/></Row><Row T='RelLineTo' IX='11'><Cell N='X' V='0.9978118161925598'/><Cell N='Y' V='0.6083077373116863'/></Row><Row T='RelLineTo' IX='12'><Cell N='X' V='0.9978118161925598'/><Cell N='Y' V='0.8614889571449464'/></Row><Row T='RelCubBezTo' IX='13'><Cell N='X' V='0.8977805564238823'/><Cell N='Y' V='0.9518794793037883'/><Cell N='A' V='1'/><Cell N='B' V='0.9008336989907855'/><Cell N='C' V='0.9749921850578298'/><Cell N='D' V='0.9316951879479303'/></Row><Row T='RelLineTo' IX='14'><Cell N='X' V='0.8980931541106598'/><Cell N='Y' V='0.9521720052654673'/></Row></Section></Shape></Shapes></Shape></Shapes></Shape></Shapes></Shape></Shapes></Shape></Shapes></MasterContents>