<?xml version='1.0' encoding='utf-8' ?>
<MasterContents xmlns='http://schemas.microsoft.com/office/visio/2012/main' xmlns:r='http://schemas.openxmlformats.org/officeDocument/2006/relationships' xml:space='preserve'><Shapes><Shape ID='14' NameU='Action.1001' IsCustomNameU='1' Name='Action.1001' IsCustomName='1' Type='Group' LineStyle='0' FillStyle='0' TextStyle='0' UniqueID='{D8A2FC1E-818D-49F5-BF5E-873C2DD8E98B}'><Cell N='PinX' V='2.480315004715793'/><Cell N='PinY' V='7.220440236171057'/><Cell N='Width' V='1.338582808078144'/><Cell N='Height' V='0.7561631610423686'/><Cell N='LocPinX' V='0.6692914040390718' F='Width*0.5'/><Cell N='LocPinY' V='0.3780815805211843' F='Height*0.5'/><Cell N='Angle' V='0'/><Cell N='FlipX' V='0'/><Cell N='FlipY' V='0'/><Cell N='ResizeMode' V='0'/><Section N='Connection'><Row T='Connection' IX='0'><Cell N='X' V='0.6692914040390718' F='Width*0.5'/><Cell N='Y' V='0.7561631593845111' F='Height*0.99999999780754'/><Cell N='DirX' V='0'/><Cell N='DirY' V='0'/><Cell N='Type' V='0'/><Cell N='AutoGen' V='0'/><Cell N='Prompt' V='' F='No Formula'/></Row></Section><Section N='Property'><Row N='ActionType'><Cell N='Value' V='test type' U='STR'/><Cell N='Prompt' V='' F='No Formula'/><Cell N='Label' V='ActionType'/><Cell N='Format' V='' F='No Formula'/><Cell N='SortKey' V='' F='No Formula'/><Cell N='Type' V='0'/><Cell N='Invisible' V='0' F='No Formula'/><Cell N='Verify' V='0' F='No Formula'/><Cell N='DataLinked' V='0' F='No Formula'/><Cell N='LangID' V='en-GB'/><Cell N='Calendar' V='0' F='No Formula'/></Row><Row N='ActionName'><Cell N='Value' V=' adf' U='STR'/><Cell N='Prompt' V='' F='No Formula'/><Cell N='Label' V='ActionName'/><Cell N='Format' V='' F='No Formula'/><Cell N='SortKey' V='' F='No Formula'/><Cell N='Type' V='0'/><Cell N='Invisible' V='0' F='No Formula'/><Cell N='Verify' V='0' F='No Formula'/><Cell N='DataLinked' V='0' F='No Formula'/><Cell N='LangID' V='en-GB'/><Cell N='Calendar' V='0' F='No Formula'/></Row></Section><Shapes><Shape ID='16' Type='Group' LineStyle='3' FillStyle='3' TextStyle='3' UniqueID='{B3863A86-5F65-46F5-85FF-BC2C5BE83218}'><Cell N='PinX' V='0'/><Cell N='PinY' V='0'/><Cell N='Width' V='1.338582808078144' F='GUARD(Sheet.14!Width)'/><Cell N='Height' V='0.7561631610423686' F='GUARD(Sheet.14!Height)'/><Cell N='LocPinX' V='0'/><Cell N='LocPinY' V='0'/><Cell N='Angle' V='0'/><Cell N='FlipX' V='0'/><Cell N='FlipY' V='0'/><Cell N='ResizeMode' V='0'/><Cell N='QuickStyleVariation' V='2'/><Cell N='LinePattern' V='0'/><Cell N='LineGradientEnabled' V='0'/><Cell N='ShapeShdwShow' V='2'/><Cell N='LockWidth' V='1'/><Cell N='LockHeight' V='1'/><Cell N='LockMoveX' V='1'/><Cell N='LockMoveY' V='1'/><Shapes><Shape ID='31' Type='Shape' LineStyle='3' FillStyle='3' TextStyle='3' UniqueID='{FD02D5F5-7108-4FB5-B668-E3BBF63DAD79}'><Cell N='PinX' V='0.6690447377624843' F='Sheet.16!Width*0.49981572579963'/><Cell N='PinY' V='0.3789279930690205' F='Sheet.16!Height*0.50111935173709'/><Cell N='Width' V='1.338089475524982' F='Sheet.16!Width*0.99963145159927'/><Cell N='Height' V='0.7578559861380562' F='Sheet.16!Height*1.0022387034742'/><Cell N='LocPinX' V='0.6690447377624911' F='Width*0.5'/><Cell N='LocPinY' V='0.3789279930690281' F='Height*0.5'/><Cell N='Angle' V='0'/><Cell N='FlipX' V='0'/><Cell N='FlipY' V='0'/><Cell N='ResizeMode' V='0'/><Cell N='LockWidth' V='1'/><Cell N='LockHeight' V='1'/><Cell N='LockMoveX' V='1'/><Cell N='LockMoveY' V='1'/><Cell N='LockAspect' V='1'/><Cell N='LockSelect' V='1'/><Section N='Geometry' IX='0'><Cell N='NoFill' V='0'/><Cell N='NoLine' V='0'/><Cell N='NoShow' V='0'/><Cell N='NoSnap' V='0'/><Cell N='NoQuickDrag' V='0'/><Row T='RelMoveTo' IX='1'><Cell N='X' V='0'/><Cell N='Y' V='0'/></Row><Row T='RelLineTo' IX='2'><Cell N='X' V='1'/><Cell N='Y' V='0'/></Row><Row T='RelLineTo' IX='3'><Cell N='X' V='1'/><Cell N='Y' V='1'/></Row><Row T='RelLineTo' IX='4'><Cell N='X' V='0'/><Cell N='Y' V='1'/></Row><Row T='RelLineTo' IX='5'><Cell N='X' V='0'/><Cell N='Y' V='0'/></Row></Section></Shape><Shape ID='17' Type='Group' LineStyle='3' FillStyle='3' TextStyle='3' UniqueID='{57B9889E-1B09-4372-B15C-97DE1128C891}'><Cell N='PinX' V='0.07874015748031496' U='MM' F='GUARD(2MM)'/><Cell N='PinY' V='0' F='GUARD(0)'/><Cell N='Width' V='1.141732414377356' U='MM' F='GUARD(Sheet.16!Width-5MM)'/><Cell N='Height' V='0.4913243055385889' U='MM' F='GUARD(Sheet.16!Height-Sheet.19!Height-Sheet.21!Height)'/><Cell N='LocPinX' V='0' F='GUARD(0)'/><Cell N='LocPinY' V='0' F='GUARD(0)'/><Cell N='Angle' V='0'/><Cell N='FlipX' V='0'/><Cell N='FlipY' V='0'/><Cell N='ResizeMode' V='0'/><Cell N='LeftMargin' V='0' U='MM'/><Cell N='RightMargin' V='0' U='MM'/><Cell N='TopMargin' V='0' U='MM'/><Cell N='BottomMargin' V='0' U='MM'/><Cell N='VerticalAlign' V='0'/><Cell N='LinePattern' V='0'/><Cell N='HideText' V='1'/><Cell N='LangID' V='de-DE' F='Inh'/><Cell N='QuickStyleVariation' V='4'/><Cell N='LineGradientEnabled' V='0'/><Section N='Control'><Row N='Correction'><Cell N='X' V='1.141732414377356' U='MM' F='GUARD(Width*1)'/><Cell N='Y' V='0.1277081191477503' U='MM' F='Height*0.25992632098214'/><Cell N='XDyn' V='1.141732414377356' U='MM' F='Controls.Correction'/><Cell N='YDyn' V='0.1277081191477503' U='MM' F='Controls.Correction.Y'/><Cell N='XCon' V='0'/><Cell N='YCon' V='0'/><Cell N='CanGlue' V='1'/><Cell N='Prompt' V=''/></Row></Section><Section N='Character'><Row IX='0'><Cell N='Font' V='Calibri Light'/><Cell N='Style' V='0'/><Cell N='Size' V='0.08333333333333333' U='PT'/><Cell N='ComplexScriptFont' V='Calibri Light'/></Row></Section><Section N='Paragraph'><Row IX='0'><Cell N='HorzAlign' V='0'/></Row></Section><Text><cp IX='0'/><pp IX='0'/>Properties
</Text><Shapes><Shape ID='18' Type='Shape' LineStyle='3' FillStyle='3' TextStyle='3'><Cell N='PinX' V='0' F='GUARD(0)'/><Cell N='PinY' V='0' F='GUARD(0)'/><Cell N='Width' V='1.141732414377356' U='MM' F='GUARD(Sheet.17!Width)'/><Cell N='Height' V='0.4913243055385889' U='MM' F='GUARD(Sheet.17!Height)'/><Cell N='LocPinX' V='0' F='GUARD(0)'/><Cell N='LocPinY' V='0' F='GUARD(0)'/><Cell N='Angle' V='0'/><Cell N='FlipX' V='0'/><Cell N='FlipY' V='0'/><Cell N='ResizeMode' V='0'/><Cell N='FillPattern' V='0'/><Cell N='LeftMargin' V='0' U='MM'/><Cell N='RightMargin' V='0.01968503937007874' U='MM'/><Cell N='TopMargin' V='0' U='MM'/><Cell N='BottomMargin' V='0' U='MM'/><Cell N='VerticalAlign' V='0'/><Cell N='LinePattern' V='0'/><Cell N='LineGradientEnabled' V='0'/><Cell N='FillGradientEnabled' V='0' F='THEMEVAL("FillGradientEnabled",FALSE)'/><Cell N='LangID' V='de-DE' F='Inh'/><Section N='User'><Row N='Text'><Cell N='Value' V='Properties' U='STR' F='SHAPETEXT(Sheet.17!TheText)'/><Cell N='Prompt' V=''/></Row><Row N='HeightRatio'><Cell N='Value' V='4.910862557922815' F='Sheet.17!Height/TEXTHEIGHT(Sheet.17!TheText,Sheet.17!Width)'/><Cell N='Prompt' V=''/></Row><Row N='TruncText'><Cell N='Value' V='Properties' U='STR' F='LEFT(User.Text,User.TruncLen)&amp;IF(User.TruncLen&lt;User.Len," ... ","")'/><Cell N='Prompt' V=''/></Row><Row N='TextHeight'><Cell N='Value' V='0.1000484741210937' U='DL' F='TEXTHEIGHT(User.Text,Width)'/><Cell N='Prompt' V=''/></Row><Row N='TruncLen'><Cell N='Value' V='36' F='INT(LEN(User.Text)*User.HeightRatio*User.Correction)'/><Cell N='Prompt' V=''/></Row><Row N='Len'><Cell N='Value' V='10' F='LEN(User.Text)'/><Cell N='Prompt' V=''/></Row><Row N='Correction'><Cell N='Value' V='0.7400736790178599' F='1-Sheet.17!Controls.Correction.Y/Sheet.17!Height'/><Cell N='Prompt' V=''/></Row></Section><Section N='Field'><Row IX='0'><Cell N='Value' V='Properties' U='STR' F='User.TruncText'/><Cell N='Format' V='esc(0)' U='STR' F='FIELDPICTURE(0)'/><Cell N='Type' V='0'/><Cell N='UICat' V='0'/><Cell N='UICod' V='255'/><Cell N='UIFmt' V='0'/><Cell N='Calendar' V='0'/><Cell N='ObjectKind' V='0'/></Row></Section><Section N='Character'><Row IX='0'><Cell N='Font' V='Calibri Light'/><Cell N='Style' V='0'/><Cell N='Size' V='0.08333333333333333' U='PT'/><Cell N='ComplexScriptFont' V='Calibri Light'/><Cell N='LangID' V='de-DE'/></Row></Section><Section N='Paragraph'><Row IX='0'><Cell N='HorzAlign' V='0'/></Row></Section><Section N='Geometry' IX='0'><Cell N='NoFill' V='0'/><Cell N='NoLine' V='0'/><Cell N='NoShow' V='0'/><Cell N='NoSnap' V='0'/><Cell N='NoQuickDrag' V='0'/><Row T='MoveTo' IX='1'><Cell N='X' V='0' U='MM' F='Width*0'/><Cell N='Y' V='0' U='MM' F='Height*0'/></Row><Row T='LineTo' IX='2'><Cell N='X' V='1.141732414377356' U='MM' F='Width*1'/><Cell N='Y' V='0' U='MM' F='Height*0'/></Row><Row T='LineTo' IX='3'><Cell N='X' V='1.141732414377356' U='MM' F='Width*1'/><Cell N='Y' V='0.4913243055385889' U='MM' F='Height*1'/></Row><Row T='LineTo' IX='4'><Cell N='X' V='0' U='MM' F='Width*0'/><Cell N='Y' V='0.4913243055385889' U='MM' F='Height*1'/></Row><Row T='LineTo' IX='5'><Cell N='X' V='0' U='MM' F='Width*0'/><Cell N='Y' V='0' U='MM' F='Height*0'/></Row></Section><Text><cp IX='0'/><pp IX='0'/><fld IX='0'>Properties</fld>
</Text></Shape></Shapes></Shape><Shape ID='19' Type='Shape' LineStyle='3' FillStyle='3' TextStyle='3' UniqueID='{BDFB1F5C-2C46-487B-826D-493CF2B85340}'><Cell N='PinX' V='0.2755905511811024' U='MM' F='GUARD(7MM)'/><Cell N='PinY' V='0.4814817858535495' U='MM' F='GUARD(Sheet.16!Height-Sheet.21!Height-Height-0.25MM)'/><Cell N='Width' V='1.023622178156884' U='MM' F='GUARD(Sheet.16!Width-8MM)'/><Cell N='Height' V='0.1324194277518899' U='MM' F='GUARD(TEXTHEIGHT(TheText,2)-2MM)'/><Cell N='LocPinX' V='0' F='GUARD(0)'/><Cell N='LocPinY' V='0' F='GUARD(0)'/><Cell N='Angle' V='0'/><Cell N='FlipX' V='0'/><Cell N='FlipY' V='0'/><Cell N='ResizeMode' V='0'/><Cell N='LinePattern' V='0'/><Cell N='LineGradientEnabled' V='0'/><Cell N='FillGradientEnabled' V='0'/><Cell N='FillForegnd' V='#d7e3bf' F='THEMEGUARD(MSOTINT(THEMEVAL("AccentColor2"),60))'/><Cell N='FillBkgnd' V='#e2ebd1' F='THEMEGUARD(SHADE(FillForegnd,LUMDIFF(THEMEVAL("FillColor"),THEMEVAL("FillColor2"))))'/><Section N='Field'><Row IX='0'><Cell N='Value' V=' adf' U='STR' F='Sheet.14!Prop.ActionName'/><Cell N='Format' V='esc(0)' U='STR' F='FIELDPICTURE(0)'/><Cell N='Type' V='0'/><Cell N='UICat' V='0'/><Cell N='UICod' V='0'/><Cell N='UIFmt' V='0'/><Cell N='Calendar' V='0'/><Cell N='ObjectKind' V='0'/></Row></Section><Section N='Character'><Row IX='0'><Cell N='Style' V='17'/><Cell N='Size' V='0.08333333333333333'/></Row></Section><Section N='Paragraph'><Row IX='0'><Cell N='HorzAlign' V='0'/></Row></Section><Section N='Geometry' IX='0'><Cell N='NoFill' V='0'/><Cell N='NoLine' V='0'/><Cell N='NoShow' V='0'/><Cell N='NoSnap' V='0'/><Cell N='NoQuickDrag' V='0'/><Row T='RelMoveTo' IX='1'><Cell N='X' V='0'/><Cell N='Y' V='0'/></Row><Row T='RelLineTo' IX='2'><Cell N='X' V='1'/><Cell N='Y' V='0'/></Row><Row T='RelLineTo' IX='3'><Cell N='X' V='1'/><Cell N='Y' V='1'/></Row><Row T='RelLineTo' IX='4'><Cell N='X' V='0'/><Cell N='Y' V='1'/></Row><Row T='RelLineTo' IX='5'><Cell N='X' V='0'/><Cell N='Y' V='0'/></Row></Section><Text><cp IX='0'/><pp IX='0'/><fld IX='0'> adf</fld>
</Text></Shape><Shape ID='21' Type='Shape' LineStyle='3' FillStyle='3' TextStyle='3' UniqueID='{D428C5E1-DAE8-454A-B2A1-2E5D37FB4F2A}'><Cell N='PinX' V='0.2755905511811024' U='MM' F='GUARD(7MM)'/><Cell N='PinY' V='0.6139012136054394' U='MM' F='GUARD(Sheet.16!Height-Height-0.25MM)'/><Cell N='Width' V='1.023622178156884' U='MM' F='GUARD(Sheet.16!Width-8MM)'/><Cell N='Height' V='0.1324194277518899' U='MM' F='GUARD(TEXTHEIGHT(TheText,2)-2MM)'/><Cell N='LocPinX' V='0' U='MM' F='Width*0'/><Cell N='LocPinY' V='0' U='MM' F='Height*0'/><Cell N='Angle' V='0'/><Cell N='FlipX' V='0'/><Cell N='FlipY' V='0'/><Cell N='ResizeMode' V='0'/><Cell N='LinePattern' V='0'/><Cell N='LineGradientDir' V='0'/><Cell N='LineGradientAngle' V='1.5707963267949' U='DEG'/><Cell N='LineGradientEnabled' V='0'/><Cell N='FillGradientEnabled' V='0'/><Cell N='FillForegnd' V='#d7e3bf' F='THEMEGUARD(MSOTINT(THEMEVAL("AccentColor2"),60))'/><Cell N='FillBkgnd' V='#e2ebd1' F='THEMEGUARD(SHADE(FillForegnd,LUMDIFF(THEMEVAL("FillColor"),THEMEVAL("FillColor2"))))'/><Section N='Field'><Row IX='0'><Cell N='Value' V='test type' U='STR' F='Sheet.14!Prop.ActionType'/><Cell N='Format' V='esc(0)' U='STR' F='FIELDPICTURE(0)'/><Cell N='Type' V='0'/><Cell N='UICat' V='0'/><Cell N='UICod' V='0'/><Cell N='UIFmt' V='0'/><Cell N='Calendar' V='0'/><Cell N='ObjectKind' V='0'/></Row></Section><Section N='Character'><Row IX='0'><Cell N='Size' V='0.08333333333333333'/></Row></Section><Section N='Paragraph'><Row IX='0'><Cell N='HorzAlign' V='0'/></Row></Section><Section N='LineGradient'><Row IX='0'><Cell N='GradientStopColor' V='#fbf6f5' F='THEMEGUARD(MSOTINT(THEMEVAL("AccentColor"),95))'/><Cell N='GradientStopColorTrans' V='0'/><Cell N='GradientStopPosition' V='0'/></Row><Row IX='1'><Cell N='GradientStopColor' V='#e2b0ab' F='THEMEGUARD(MSOTINT(THEMEVAL("AccentColor"),55))'/><Cell N='GradientStopColorTrans' V='0'/><Cell N='GradientStopPosition' V='0.74'/></Row><Row IX='2'><Cell N='GradientStopColor' V='#e2b0ab' F='THEMEGUARD(MSOTINT(THEMEVAL("AccentColor"),55))'/><Cell N='GradientStopColorTrans' V='0'/><Cell N='GradientStopPosition' V='0.83'/></Row><Row IX='3'><Cell N='GradientStopColor' V='#eccac7' F='THEMEGUARD(MSOTINT(THEMEVAL("AccentColor"),70))'/><Cell N='GradientStopColorTrans' V='0'/><Cell N='GradientStopPosition' V='1'/></Row><Row IX='4' Del='1'/><Row IX='5' Del='1'/><Row IX='6' Del='1'/><Row IX='7' Del='1'/><Row IX='8' Del='1'/><Row IX='9' Del='1'/></Section><Section N='Geometry' IX='0'><Cell N='NoFill' V='0'/><Cell N='NoLine' V='0'/><Cell N='NoShow' V='0'/><Cell N='NoSnap' V='0'/><Cell N='NoQuickDrag' V='0'/><Row T='RelMoveTo' IX='1'><Cell N='X' V='0'/><Cell N='Y' V='0'/></Row><Row T='RelLineTo' IX='2'><Cell N='X' V='1'/><Cell N='Y' V='0'/></Row><Row T='RelLineTo' IX='3'><Cell N='X' V='1'/><Cell N='Y' V='1'/></Row><Row T='RelLineTo' IX='4'><Cell N='X' V='0'/><Cell N='Y' V='1'/></Row><Row T='RelLineTo' IX='5'><Cell N='X' V='0'/><Cell N='Y' V='0'/></Row></Section><Text><cp IX='0'/><pp IX='0'/><fld IX='0'>test type</fld>
</Text></Shape><Shape ID='41' Type='Group' LineStyle='8' FillStyle='8' TextStyle='8' UniqueID='{D4A26F1D-7359-4893-BD21-9C85DC19A1B1}'><Cell N='PinX' V='0.03937007874015748' U='MM' F='GUARD(1MM)'/><Cell N='PinY' V='0.5199426886014237' U='MM' F='GUARD(Sheet.16!Height-6MM)'/><Cell N='Width' V='0.1968503937007874' U='MM' F='GUARD(5MM)'/><Cell N='Height' V='0.1968503937007874' U='MM' F='GUARD(5MM)'/><Cell N='LocPinX' V='0' U='MM'/><Cell N='LocPinY' V='0' U='MM'/><Cell N='Angle' V='0'/><Cell N='FlipX' V='0'/><Cell N='FlipY' V='0'/><Cell N='ResizeMode' V='0'/><Shapes><Shape ID='42' Type='Shape' LineStyle='8' FillStyle='8' TextStyle='8'><Cell N='PinX' V='0.09842519685039369' U='MM' F='Sheet.41!Width*0.5'/><Cell N='PinY' V='0.09842519685039369' U='MM' F='Sheet.41!Height*0.5'/><Cell N='Width' V='0.1968503937007874' U='MM' F='Sheet.41!Width*1'/><Cell N='Height' V='0.1968503937007874' U='MM' F='Sheet.41!Height*1'/><Cell N='LocPinX' V='0.09842519685039369' U='MM' F='Width*0.5'/><Cell N='LocPinY' V='0.09842519685039369' U='MM' F='Height*0.5'/><Cell N='Angle' V='0'/><Cell N='FlipX' V='0'/><Cell N='FlipY' V='0'/><Cell N='ResizeMode' V='0'/><Cell N='FillForegnd' V='#709727'/><Section N='Geometry' IX='0'><Cell N='NoFill' V='0'/><Cell N='NoLine' V='0'/><Cell N='NoShow' V='0'/><Cell N='NoSnap' V='0'/><Cell N='NoQuickDrag' V='0'/><Row T='RelMoveTo' IX='1'><Cell N='X' V='0'/><Cell N='Y' V='1'/></Row><Row T='RelLineTo' IX='2'><Cell N='X' V='1'/><Cell N='Y' V='1'/></Row><Row T='RelLineTo' IX='3'><Cell N='X' V='1'/><Cell N='Y' V='0'/></Row><Row T='RelLineTo' IX='4'><Cell N='X' V='0'/><Cell N='Y' V='0'/></Row><Row T='RelLineTo' IX='5'><Cell N='X' V='0'/><Cell N='Y' V='1'/></Row></Section></Shape><Shape ID='43' Type='Shape' LineStyle='8' FillStyle='8' TextStyle='8'><Cell N='PinX' V='0.09841904527559055' U='MM' F='Sheet.41!Width*0.49996875'/><Cell N='PinY' V='0.09842519685039369' U='MM' F='Sheet.41!Height*0.5'/><Cell N='Width' V='0.07292076771653543' U='MM' F='Sheet.41!Width*0.3704375'/><Cell N='Height' V='0.09842519685039369' U='MM' F='Sheet.41!Height*0.5'/><Cell N='LocPinX' V='0.03646038385826771' U='MM' F='Width*0.5'/><Cell N='LocPinY' V='0.04921259842519685' U='MM' F='Height*0.5'/><Cell N='Angle' V='0'/><Cell N='FlipX' V='0'/><Cell N='FlipY' V='0'/><Cell N='ResizeMode' V='0'/><Cell N='FillForegnd' V='1'/><Section N='Geometry' IX='0'><Cell N='NoFill' V='0'/><Cell N='NoLine' V='0'/><Cell N='NoShow' V='0'/><Cell N='NoSnap' V='0'/><Cell N='NoQuickDrag' V='0'/><Row T='RelMoveTo' IX='1'><Cell N='X' V='0.9325965918677237'/><Cell N='Y' V='0.813625'/></Row><Row T='RelCubBezTo' IX='2'><Cell N='X' V='0.4969630504471064'/><Cell N='Y' V='1'/><Cell N='A' V='0.8405601484730889'/><Cell N='B' V='0.92725'/><Cell N='C' V='0.6810359372363757'/><Cell N='D' V='1'/></Row><Row T='RelCubBezTo' IX='3'><Cell N='X' V='0.06748776784207859'/><Cell N='Y' V='0.8181875'/><Cell N='A' V='0.3128901636578368'/><Cell N='B' V='1'/><Cell N='C' V='0.1533659524211236'/><Cell N='D' V='0.92725'/></Row><Row T='RelCubBezTo' IX='4'><Cell N='X' V='0'/><Cell N='Y' V='0.6318125'/><Cell N='A' V='0.02454867555255609'/><Cell N='B' V='0.763625'/><Cell N='C' V='0'/><Cell N='D' V='0.7'/></Row><Row T='RelCubBezTo' IX='5'><Cell N='X' V='0.4417074405264044'/><Cell N='Y' V='0.263625'/><Cell N='A' V='0'/><Cell N='B' V='0.440875'/><Cell N='C' V='0.196305044710646'/><Cell N='D' V='0.286375'/></Row><Row T='RelLineTo' IX='6'><Cell N='X' V='0.4417074405264044'/><Cell N='Y' V='0.2'/></Row><Row T='RelLineTo' IX='7'><Cell N='X' V='0.5582925594735954'/><Cell N='Y' V='0.2'/></Row><Row T='RelLineTo' IX='8'><Cell N='X' V='0.5582925594735954'/><Cell N='Y' V='0.263625'/></Row><Row T='RelCubBezTo' IX='9'><Cell N='X' V='1'/><Cell N='Y' V='0.6318125'/><Cell N='A' V='0.8098532141049434'/><Cell N='B' V='0.286375'/><Cell N='C' V='1'/><Cell N='D' V='0.440875'/></Row><Row T='RelCubBezTo' IX='10'><Cell N='X' V='0.9325122321579212'/><Cell N='Y' V='0.813625'/><Cell N='A' V='1'/><Cell N='B' V='0.6954375'/><Cell N='C' V='0.9754513244474438'/><Cell N='D' V='0.7590625'/></Row><Row T='RelLineTo' IX='11'><Cell N='X' V='0.9325965918677237'/><Cell N='Y' V='0.813625'/></Row></Section><Section N='Geometry' IX='1'><Cell N='NoFill' V='0'/><Cell N='NoLine' V='0'/><Cell N='NoShow' V='0'/><Cell N='NoSnap' V='0'/><Cell N='NoQuickDrag' V='0'/><Row T='RelMoveTo' IX='1'><Cell N='X' V='0.8467184072886786'/><Cell N='Y' V='0.77725'/></Row><Row T='RelCubBezTo' IX='2'><Cell N='X' V='0.6871941960519651'/><Cell N='Y' V='0.740875'/><Cell N='A' V='0.8099375738147459'/><Cell N='B' V='0.763625'/><Cell N='C' V='0.7546819638940439'/><Cell N='D' V='0.75'/></Row><Row T='RelCubBezTo' IX='3'><Cell N='X' V='0.6135481693942967'/><Cell N='Y' V='0.913625'/><Cell N='A' V='0.6749620381305884'/><Cell N='B' V='0.813625'/><Cell N='C' V='0.6504133625780322'/><Cell N='D' V='0.8726875'/></Row><Row T='RelCubBezTo' IX='4'><Cell N='X' V='0.8467184072886782'/><Cell N='Y' V='0.77725'/><Cell N='A' V='0.7117428716045212'/><Cell N='B' V='0.890875'/><Cell N='C' V='0.7914627973679762'/><Cell N='D' V='0.8454375'/></Row><Row T='RelLineTo' IX='5'><Cell N='X' V='0.8467184072886786'/><Cell N='Y' V='0.77725'/></Row></Section><Section N='Geometry' IX='2'><Cell N='NoFill' V='0'/><Cell N='NoLine' V='0'/><Cell N='NoShow' V='0'/><Cell N='NoSnap' V='0'/><Cell N='NoQuickDrag' V='0'/><Row T='RelMoveTo' IX='1'><Cell N='X' V='0.6564872616838196'/><Cell N='Y' V='0.62725'/></Row><Row T='RelCubBezTo' IX='2'><Cell N='X' V='0.6442551037624429'/><Cell N='Y' V='0.5181875'/><Cell N='A' V='0.6564872616838196'/><Cell N='B' V='0.5863125'/><Cell N='C' V='0.6503290028682299'/><Cell N='D' V='0.55'/></Row><Row T='RelCubBezTo' IX='3'><Cell N='X' V='0.4970474101569088'/><Cell N='Y' V='0.513625'/><Cell N='A' V='0.6013160114729202'/><Cell N='B' V='0.513625'/><Cell N='C' V='0.5522186603678081'/><Cell N='D' V='0.513625'/></Row><Row T='RelCubBezTo' IX='4'><Cell N='X' V='0.3498397165513748'/><Cell N='Y' V='0.5181875'/><Cell N='A' V='0.4418761599460096'/><Cell N='B' V='0.513625'/><Cell N='C' V='0.3927788088408974'/><Cell N='D' V='0.513625'/></Row><Row T='RelCubBezTo' IX='5'><Cell N='X' V='0.3376075586299981'/><Cell N='Y' V='0.62725'/><Cell N='A' V='0.343681457735785'/><Cell N='B' V='0.5545625'/><Cell N='C' V='0.3376075586299981'/><Cell N='D' V='0.5909375'/></Row><Row T='RelCubBezTo' IX='6'><Cell N='X' V='0.3437658174455877'/><Cell N='Y' V='0.7090625'/><Cell N='A' V='0.3376075586299981'/><Cell N='B' V='0.6545'/><Cell N='C' V='0.3376075586299981'/><Cell N='D' V='0.6818125'/></Row><Row T='RelCubBezTo' IX='7'><Cell N='X' V='0.4971317698667113'/><Cell N='Y' V='0.7'/><Cell N='A' V='0.3928631685507001'/><Cell N='B' V='0.7045'/><Cell N='C' V='0.4419605196558121'/><Cell N='D' V='0.7'/></Row><Row T='RelCubBezTo' IX='8'><Cell N='X' V='0.6504977222878349'/><Cell N='Y' V='0.7090625'/><Cell N='A' V='0.5523030200776108'/><Cell N='B' V='0.7'/><Cell N='C' V='0.6014003711827227'/><Cell N='D' V='0.7045625'/></Row><Row T='RelLineTo' IX='9'><Cell N='X' V='0.6566559811034247'/><Cell N='Y' V='0.62725'/></Row><Row T='RelLineTo' IX='10'><Cell N='X' V='0.6564872616838196'/><Cell N='Y' V='0.62725'/></Row></Section><Section N='Geometry' IX='3'><Cell N='NoFill' V='0'/><Cell N='NoLine' V='0'/><Cell N='NoShow' V='0'/><Cell N='NoSnap' V='0'/><Cell N='NoQuickDrag' V='0'/><Row T='RelMoveTo' IX='1'><Cell N='X' V='0.4969630504471064'/><Cell N='Y' V='0.92725'/></Row><Row T='RelCubBezTo' IX='2'><Cell N='X' V='0.5522186603678081'/><Cell N='Y' V='0.9226875'/><Cell N='A' V='0.5153534671840727'/><Cell N='B' V='0.92725'/><Cell N='C' V='0.5337438839210392'/><Cell N='D' V='0.92725'/></Row><Row T='RelCubBezTo' IX='3'><Cell N='X' V='0.6442551037624429'/><Cell N='Y' V='0.7363125'/><Cell N='A' V='0.5889994938417409'/><Cell N='B' V='0.890875'/><Cell N='C' V='0.6258646870254765'/><Cell N='D' V='0.8226875'/></Row><Row T='RelCubBezTo' IX='4'><Cell N='X' V='0.4970474101569088'/><Cell N='Y' V='0.72725'/><Cell N='A' V='0.6013160114729202'/><Cell N='B' V='0.73175'/><Cell N='C' V='0.5522186603678081'/><Cell N='D' V='0.72725'/></Row><Row T='RelCubBezTo' IX='5'><Cell N='X' V='0.3498397165513748'/><Cell N='Y' V='0.7363125'/><Cell N='A' V='0.4418761599460096'/><Cell N='B' V='0.72725'/><Cell N='C' V='0.3927788088408974'/><Cell N='D' V='0.7318125'/></Row><Row T='RelCubBezTo' IX='6'><Cell N='X' V='0.4418761599460094'/><Cell N='Y' V='0.9226875'/><Cell N='A' V='0.3682301332883412'/><Cell N='B' V='0.8226875'/><Cell N='C' V='0.398937067656487'/><Cell N='D' V='0.890875'/></Row><Row T='RelCubBezTo' IX='7'><Cell N='X' V='0.4971317698667113'/><Cell N='Y' V='0.92725'/><Cell N='A' V='0.4602665766829758'/><Cell N='B' V='0.92725'/><Cell N='C' V='0.4786569934199422'/><Cell N='D' V='0.92725'/></Row><Row T='RelLineTo' IX='8'><Cell N='X' V='0.4969630504471064'/><Cell N='Y' V='0.92725'/></Row></Section><Section N='Geometry' IX='4'><Cell N='NoFill' V='0'/><Cell N='NoLine' V='0'/><Cell N='NoShow' V='0'/><Cell N='NoSnap' V='0'/><Cell N='NoQuickDrag' V='0'/><Row T='RelMoveTo' IX='1'><Cell N='X' V='0.3803779314999156'/><Cell N='Y' V='0.913625'/></Row><Row T='RelCubBezTo' IX='2'><Cell N='X' V='0.3067319048422472'/><Cell N='Y' V='0.740875'/><Cell N='A' V='0.3496709971317696'/><Cell N='B' V='0.8726875'/><Cell N='C' V='0.3190484224734265'/><Cell N='D' V='0.813625'/></Row><Row T='RelCubBezTo' IX='3'><Cell N='X' V='0.147207693605534'/><Cell N='Y' V='0.77725'/><Cell N='A' V='0.2392441370001686'/><Cell N='B' V='0.7499375'/><Cell N='C' V='0.1839885270794669'/><Cell N='D' V='0.763625'/></Row><Row T='RelCubBezTo' IX='4'><Cell N='X' V='0.3803779314999156'/><Cell N='Y' V='0.913625'/><Cell N='A' V='0.2024633035262358'/><Cell N='B' V='0.8454375'/><Cell N='C' V='0.2821832292896913'/><Cell N='D' V='0.890875'/></Row><Row T='RelLineTo' IX='5'><Cell N='X' V='0.3803779314999156'/><Cell N='Y' V='0.913625'/></Row></Section><Section N='Geometry' IX='5'><Cell N='NoFill' V='0'/><Cell N='NoLine' V='0'/><Cell N='NoShow' V='0'/><Cell N='NoSnap' V='0'/><Cell N='NoQuickDrag' V='0'/><Row T='RelMoveTo' IX='1'><Cell N='X' V='0.09203644339463479'/><Cell N='Y' V='0.62725'/></Row><Row T='RelCubBezTo' IX='2'><Cell N='X' V='0.1288172768685676'/><Cell N='Y' V='0.7545'/><Cell N='A' V='0.09203644339463479'/><Cell N='B' V='0.6726875'/><Cell N='C' V='0.1042686013160114'/><Cell N='D' V='0.713625'/></Row><Row T='RelCubBezTo' IX='3'><Cell N='X' V='0.3067319048422472'/><Cell N='Y' V='0.7135625'/><Cell N='A' V='0.17175636915809'/><Cell N='B' V='0.7363125'/><Cell N='C' V='0.2330858781845791'/><Cell N='D' V='0.7226875'/></Row><Row T='RelCubBezTo' IX='4'><Cell N='X' V='0.3005736460266576'/><Cell N='Y' V='0.6271875'/><Cell N='A' V='0.3005736460266576'/><Cell N='B' V='0.6863125'/><Cell N='C' V='0.3005736460266576'/><Cell N='D' V='0.659'/></Row><Row T='RelLineTo' IX='5'><Cell N='X' V='0.3067319048422472'/><Cell N='Y' V='0.518125'/></Row><Row T='RelCubBezTo' IX='6'><Cell N='X' V='0.09811034250042176'/><Cell N='Y' V='0.5635625'/><Cell N='A' V='0.2085372026320229'/><Cell N='B' V='0.5271875'/><Cell N='C' V='0.1410494347899443'/><Cell N='D' V='0.545375'/></Row><Row T='RelLineTo' IX='7'><Cell N='X' V='0.0919520836848321'/><Cell N='Y' V='0.6271875'/></Row><Row T='RelLineTo' IX='8'><Cell N='X' V='0.09203644339463479'/><Cell N='Y' V='0.62725'/></Row></Section><Section N='Geometry' IX='6'><Cell N='NoFill' V='0'/><Cell N='NoLine' V='0'/><Cell N='NoShow' V='0'/><Cell N='NoSnap' V='0'/><Cell N='NoQuickDrag' V='0'/><Row T='RelMoveTo' IX='1'><Cell N='X' V='0.1165851189471909'/><Cell N='Y' V='0.52725'/></Row><Row T='RelCubBezTo' IX='2'><Cell N='X' V='0.312890163657837'/><Cell N='Y' V='0.490875'/><Cell N='A' V='0.1656824700523032'/><Cell N='B' V='0.5090625'/><Cell N='C' V='0.2393284967099713'/><Cell N='D' V='0.5'/></Row><Row T='RelCubBezTo' IX='3'><Cell N='X' V='0.3803779314999156'/><Cell N='Y' V='0.340875'/><Cell N='A' V='0.3251223215792136'/><Cell N='B' V='0.4318125'/><Cell N='C' V='0.3496709971317698'/><Cell N='D' V='0.37725'/></Row><Row T='RelCubBezTo' IX='4'><Cell N='X' V='0.1165851189471909'/><Cell N='Y' V='0.52725'/><Cell N='A' V='0.2576345537371352'/><Cell N='B' V='0.368125'/><Cell N='C' V='0.1595242112367134'/><Cell N='D' V='0.4363125'/></Row><Row T='RelLineTo' IX='5'><Cell N='X' V='0.1165851189471909'/><Cell N='Y' V='0.52725'/></Row></Section><Section N='Geometry' IX='7'><Cell N='NoFill' V='0'/><Cell N='NoLine' V='0'/><Cell N='NoShow' V='0'/><Cell N='NoSnap' V='0'/><Cell N='NoQuickDrag' V='0'/><Row T='RelMoveTo' IX='1'><Cell N='X' V='0.5522186603678083'/><Cell N='Y' V='0.3318125'/></Row><Row T='RelLineTo' IX='2'><Cell N='X' V='0.4969630504471066'/><Cell N='Y' V='0.32725'/></Row><Row T='RelCubBezTo' IX='3'><Cell N='X' V='0.4417074405264048'/><Cell N='Y' V='0.3318125'/><Cell N='A' V='0.4969630504471066'/><Cell N='B' V='0.32725'/><Cell N='C' V='0.4601822169731737'/><Cell N='D' V='0.32725'/></Row><Row T='RelCubBezTo' IX='4'><Cell N='X' V='0.3619875147629494'/><Cell N='Y' V='0.486375'/><Cell N='A' V='0.404926607052472'/><Cell N='B' V='0.363625'/><Cell N='C' V='0.374219672684326'/><Cell N='D' V='0.413625'/></Row><Row T='RelCubBezTo' IX='5'><Cell N='X' V='0.5031213092626962'/><Cell N='Y' V='0.4818125'/><Cell N='A' V='0.4110848658680616'/><Cell N='B' V='0.4818125'/><Cell N='C' V='0.454023958157584'/><Cell N='D' V='0.4818125'/></Row><Row T='RelCubBezTo' IX='6'><Cell N='X' V='0.6442551037624431'/><Cell N='Y' V='0.486375'/><Cell N='A' V='0.5522186603678083'/><Cell N='B' V='0.4818125'/><Cell N='C' V='0.595157752657331'/><Cell N='D' V='0.4818125'/></Row><Row T='RelCubBezTo' IX='7'><Cell N='X' V='0.5522186603678083'/><Cell N='Y' V='0.3318125'/><Cell N='A' V='0.6197064282098871'/><Cell N='B' V='0.413625'/><Cell N='C' V='0.5889994938417411'/><Cell N='D' V='0.363625'/></Row><Row T='RelLineTo' IX='8'><Cell N='X' V='0.5522186603678083'/><Cell N='Y' V='0.3318125'/></Row></Section><Section N='Geometry' IX='8'><Cell N='NoFill' V='0'/><Cell N='NoLine' V='0'/><Cell N='NoShow' V='0'/><Cell N='NoSnap' V='0'/><Cell N='NoQuickDrag' V='0'/><Row T='RelMoveTo' IX='1'><Cell N='X' V='0.6135481693942974'/><Cell N='Y' V='0.340875'/></Row><Row T='RelCubBezTo' IX='2'><Cell N='X' V='0.6810359372363759'/><Cell N='Y' V='0.490875'/><Cell N='A' V='0.6442551037624431'/><Cell N='B' V='0.37725'/><Cell N='C' V='0.6688037793149994'/><Cell N='D' V='0.4318125'/></Row><Row T='RelCubBezTo' IX='3'><Cell N='X' V='0.8773409819470219'/><Cell N='Y' V='0.52725'/><Cell N='A' V='0.7546819638940443'/><Cell N='B' V='0.4999375'/><Cell N='C' V='0.82824363084191'/><Cell N='D' V='0.5090625'/></Row><Row T='RelCubBezTo' IX='4'><Cell N='X' V='0.6135481693942974'/><Cell N='Y' V='0.340875'/><Cell N='A' V='0.8344018896574995'/><Cell N='B' V='0.4363125'/><Cell N='C' V='0.736207187447275'/><Cell N='D' V='0.3681875'/></Row><Row T='RelLineTo' IX='5'><Cell N='X' V='0.6135481693942974'/><Cell N='Y' V='0.340875'/></Row></Section><Section N='Geometry' IX='9'><Cell N='NoFill' V='0'/><Cell N='NoLine' V='0'/><Cell N='NoShow' V='0'/><Cell N='NoSnap' V='0'/><Cell N='NoQuickDrag' V='0'/><Row T='RelMoveTo' IX='1'><Cell N='X' V='0.8896574995782015'/><Cell N='Y' V='0.563625'/></Row><Row T='RelCubBezTo' IX='2'><Cell N='X' V='0.6810359372363759'/><Cell N='Y' V='0.5181875'/><Cell N='A' V='0.8467184072886789'/><Cell N='B' V='0.5454375'/><Cell N='C' V='0.7792306394466003'/><Cell N='D' V='0.52725'/></Row><Row T='RelCubBezTo' IX='3'><Cell N='X' V='0.6871941960519657'/><Cell N='Y' V='0.62725'/><Cell N='A' V='0.6871941960519657'/><Cell N='B' V='0.55'/><Cell N='C' V='0.6871941960519657'/><Cell N='D' V='0.586375'/></Row><Row T='RelCubBezTo' IX='4'><Cell N='X' V='0.6810359372363759'/><Cell N='Y' V='0.713625'/><Cell N='A' V='0.6871941960519657'/><Cell N='B' V='0.6545'/><Cell N='C' V='0.6871941960519657'/><Cell N='D' V='0.6863125'/></Row><Row T='RelCubBezTo' IX='5'><Cell N='X' V='0.858950565210056'/><Cell N='Y' V='0.7545625'/><Cell N='A' V='0.7485237050784548'/><Cell N='B' V='0.7226875'/><Cell N='C' V='0.8098532141049436'/><Cell N='D' V='0.736375'/></Row><Row T='RelCubBezTo' IX='6'><Cell N='X' V='0.8957313986839888'/><Cell N='Y' V='0.6273125'/><Cell N='A' V='0.8834992407626119'/><Cell N='B' V='0.7181875'/><Cell N='C' V='0.8957313986839888'/><Cell N='D' V='0.67275'/></Row><Row T='RelCubBezTo' IX='7'><Cell N='X' V='0.889573139868399'/><Cell N='Y' V='0.5636875'/><Cell N='A' V='0.9018896574995784'/><Cell N='B' V='0.6045625'/><Cell N='C' V='0.8957313986839888'/><Cell N='D' V='0.586375'/></Row><Row T='RelLineTo' IX='8'><Cell N='X' V='0.8896574995782015'/><Cell N='Y' V='0.563625'/></Row></Section><Section N='Geometry' IX='10'><Cell N='NoFill' V='0'/><Cell N='NoLine' V='0'/><Cell N='NoShow' V='0'/><Cell N='NoSnap' V='0'/><Cell N='NoQuickDrag' V='0'/><Row T='RelMoveTo' IX='1'><Cell N='X' V='0.3191327821832293'/><Cell N='Y' V='0.17725'/></Row><Row T='RelLineTo' IX='2'><Cell N='X' V='0.6749620381305886'/><Cell N='Y' V='0.17725'/></Row><Row T='RelLineTo' IX='3'><Cell N='X' V='0.6749620381305886'/><Cell N='Y' V='0.05906249999999991'/></Row><Row T='RelLineTo' IX='4'><Cell N='X' V='0.3191327821832293'/><Cell N='Y' V='0.05906249999999991'/></Row><Row T='RelLineTo' IX='5'><Cell N='X' V='0.3191327821832293'/><Cell N='Y' V='0.17725'/></Row></Section><Section N='Geometry' IX='11'><Cell N='NoFill' V='0'/><Cell N='NoLine' V='0'/><Cell N='NoShow' V='0'/><Cell N='NoSnap' V='0'/><Cell N='NoQuickDrag' V='0'/><Row T='RelMoveTo' IX='1'><Cell N='X' V='0.6995107136831449'/><Cell N='Y' V='0.1454375'/></Row><Row T='RelLineTo' IX='2'><Cell N='X' V='0.8283279905517125'/><Cell N='Y' V='0.1454375'/></Row><Row T='RelLineTo' IX='3'><Cell N='X' V='0.8283279905517125'/><Cell N='Y' V='0.05906249999999991'/></Row><Row T='RelLineTo' IX='4'><Cell N='X' V='0.6995107136831449'/><Cell N='Y' V='0.05906249999999991'/></Row><Row T='RelLineTo' IX='5'><Cell N='X' V='0.6995107136831449'/><Cell N='Y' V='0.1454375'/></Row></Section><Section N='Geometry' IX='12'><Cell N='NoFill' V='0'/><Cell N='NoLine' V='0'/><Cell N='NoShow' V='0'/><Cell N='NoSnap' V='0'/><Cell N='NoQuickDrag' V='0'/><Row T='RelMoveTo' IX='1'><Cell N='X' V='0.159608570946516'/><Cell N='Y' V='0.1454375'/></Row><Row T='RelLineTo' IX='2'><Cell N='X' V='0.2884258478150835'/><Cell N='Y' V='0.1454375'/></Row><Row T='RelLineTo' IX='3'><Cell N='X' V='0.2884258478150835'/><Cell N='Y' V='0.05906249999999991'/></Row><Row T='RelLineTo' IX='4'><Cell N='X' V='0.159608570946516'/><Cell N='Y' V='0.05906249999999991'/></Row><Row T='RelLineTo' IX='5'><Cell N='X' V='0.159608570946516'/><Cell N='Y' V='0.1454375'/></Row></Section><Section N='Geometry' IX='13'><Cell N='NoFill' V='0'/><Cell N='NoLine' V='0'/><Cell N='NoShow' V='0'/><Cell N='NoSnap' V='0'/><Cell N='NoQuickDrag' V='0'/><Row T='RelMoveTo' IX='1'><Cell N='X' V='0.4356335414206176'/><Cell N='Y' V='0.036375'/></Row><Row T='RelLineTo' IX='2'><Cell N='X' V='0.5522186603678083'/><Cell N='Y' V='0.036375'/></Row><Row T='RelLineTo' IX='3'><Cell N='X' V='0.5522186603678083'/><Cell N='Y' V='-1.6653345369377E-16'/></Row><Row T='RelLineTo' IX='4'><Cell N='X' V='0.4356335414206176'/><Cell N='Y' V='-1.6653345369377E-16'/></Row><Row T='RelLineTo' IX='5'><Cell N='X' V='0.4356335414206176'/><Cell N='Y' V='0.036375'/></Row></Section></Shape></Shapes></Shape></Shapes></Shape></Shapes></Shape></Shapes></MasterContents>