<?xml version='1.0' encoding='utf-8' ?>
<MasterContents xmlns='http://schemas.microsoft.com/office/visio/2012/main' xmlns:r='http://schemas.openxmlformats.org/officeDocument/2006/relationships' xml:space='preserve'><Shapes><Shape ID='14' NameU='Action.1001' IsCustomNameU='1' Name='Action.1001' IsCustomName='1' Type='Group' LineStyle='0' FillStyle='0' TextStyle='0' UniqueID='{D8A2FC1E-818D-49F5-BF5E-873C2DD8E98B}'><Cell N='PinX' V='2.480315004715793'/><Cell N='PinY' V='7.342568048175428'/><Cell N='Width' V='1.338582808078144'/><Cell N='Height' V='0.5119075370336271'/><Cell N='LocPinX' V='0.6692914040390718' F='Width*0.5'/><Cell N='LocPinY' V='0.2559537685168136' F='Height*0.5'/><Cell N='Angle' V='0'/><Cell N='FlipX' V='0'/><Cell N='FlipY' V='0'/><Cell N='ResizeMode' V='0'/><Section N='Connection'><Row T='Connection' IX='0'><Cell N='X' V='0.6692914040390718' F='Width*0.5'/><Cell N='Y' V='0.5119075359112904' F='Height*0.99999999780754'/><Cell N='DirX' V='0'/><Cell N='DirY' V='0'/><Cell N='Type' V='0'/><Cell N='AutoGen' V='0'/><Cell N='Prompt' V='' F='No Formula'/></Row></Section><Section N='Property'><Row N='ActionType'><Cell N='Value' V='test type' U='STR'/><Cell N='Prompt' V='' F='No Formula'/><Cell N='Label' V='ActionType'/><Cell N='Format' V='' F='No Formula'/><Cell N='SortKey' V='' F='No Formula'/><Cell N='Type' V='0'/><Cell N='Invisible' V='0' F='No Formula'/><Cell N='Verify' V='0' F='No Formula'/><Cell N='DataLinked' V='0' F='No Formula'/><Cell N='LangID' V='en-GB'/><Cell N='Calendar' V='0' F='No Formula'/></Row><Row N='ActionName'><Cell N='Value' V=' adf' U='STR'/><Cell N='Prompt' V='' F='No Formula'/><Cell N='Label' V='ActionName'/><Cell N='Format' V='' F='No Formula'/><Cell N='SortKey' V='' F='No Formula'/><Cell N='Type' V='0'/><Cell N='Invisible' V='0' F='No Formula'/><Cell N='Verify' V='0' F='No Formula'/><Cell N='DataLinked' V='0' F='No Formula'/><Cell N='LangID' V='en-GB'/><Cell N='Calendar' V='0' F='No Formula'/></Row></Section><Shapes><Shape ID='16' Type='Group' LineStyle='3' FillStyle='3' TextStyle='3' UniqueID='{B3863A86-5F65-46F5-85FF-BC2C5BE83218}'><Cell N='PinX' V='0'/><Cell N='PinY' V='0'/><Cell N='Width' V='1.338582808078144' F='GUARD(Sheet.14!Width)'/><Cell N='Height' V='0.5119075370336271' F='GUARD(Sheet.14!Height)'/><Cell N='LocPinX' V='0'/><Cell N='LocPinY' V='0'/><Cell N='Angle' V='0'/><Cell N='FlipX' V='0'/><Cell N='FlipY' V='0'/><Cell N='ResizeMode' V='0'/><Cell N='QuickStyleVariation' V='2'/><Cell N='LinePattern' V='0'/><Cell N='LineGradientEnabled' V='0'/><Cell N='ShapeShdwShow' V='2'/><Cell N='LockWidth' V='1'/><Cell N='LockHeight' V='1'/><Cell N='LockMoveX' V='1'/><Cell N='LockMoveY' V='1'/><Shapes><Shape ID='31' Type='Shape' LineStyle='3' FillStyle='3' TextStyle='3' UniqueID='{FD02D5F5-7108-4FB5-B668-E3BBF63DAD79}'><Cell N='PinX' V='0.66904473776249' F='Sheet.16!Width*0.49981572579963'/><Cell N='PinY' V='0.2565267731076216' F='Sheet.16!Height*0.50111935173709'/><Cell N='Width' V='1.33808947552498' F='Sheet.16!Width*0.99963145159927'/><Cell N='Height' V='0.5130535462152535' F='Sheet.16!Height*1.0022387034742'/><Cell N='LocPinX' V='0.6690447377624901' F='Width*0.5'/><Cell N='LocPinY' V='0.2565267731076267' F='Height*0.5'/><Cell N='Angle' V='0'/><Cell N='FlipX' V='0'/><Cell N='FlipY' V='0'/><Cell N='ResizeMode' V='0'/><Cell N='LockWidth' V='1'/><Cell N='LockHeight' V='1'/><Cell N='LockMoveX' V='1'/><Cell N='LockMoveY' V='1'/><Cell N='LockAspect' V='1'/><Cell N='LockSelect' V='1'/><Cell N='FillForegnd' V='#eee1d9' F='THEMEGUARD(RGB(238,225,217))'/><Cell N='FillBkgnd' V='#f2e9e3' F='THEMEGUARD(SHADE(FillForegnd,LUMDIFF(THEMEVAL("FillColor"),THEMEVAL("FillColor2"))))'/><Cell N='FillGradientEnabled' V='0'/><Section N='Geometry' IX='0'><Cell N='NoFill' V='0'/><Cell N='NoLine' V='0'/><Cell N='NoShow' V='0'/><Cell N='NoSnap' V='0'/><Cell N='NoQuickDrag' V='0'/><Row T='RelMoveTo' IX='1'><Cell N='X' V='0'/><Cell N='Y' V='0'/></Row><Row T='RelLineTo' IX='2'><Cell N='X' V='1'/><Cell N='Y' V='0'/></Row><Row T='RelLineTo' IX='3'><Cell N='X' V='1'/><Cell N='Y' V='1'/></Row><Row T='RelLineTo' IX='4'><Cell N='X' V='0'/><Cell N='Y' V='1'/></Row><Row T='RelLineTo' IX='5'><Cell N='X' V='0'/><Cell N='Y' V='0'/></Row></Section></Shape><Shape ID='19' Type='Shape' LineStyle='3' FillStyle='3' TextStyle='3' UniqueID='{D22AE794-AF66-441B-A4C7-663AAAFF970C}'><Cell N='PinX' V='0.2755905511811024' U='MM' F='GUARD(7MM)'/><Cell N='PinY' V='0.237226161844808' U='MM' F='GUARD(Sheet.16!Height-Sheet.21!Height-Height-0.25MM)'/><Cell N='Width' V='1.023622178156884' U='MM' F='GUARD(Sheet.16!Width-8MM)'/><Cell N='Height' V='0.1324194277518899' U='MM' F='GUARD(TEXTHEIGHT(TheText,2)-2MM)'/><Cell N='LocPinX' V='0' F='GUARD(0)'/><Cell N='LocPinY' V='0' F='GUARD(0)'/><Cell N='Angle' V='0'/><Cell N='FlipX' V='0'/><Cell N='FlipY' V='0'/><Cell N='ResizeMode' V='0'/><Cell N='LinePattern' V='0'/><Cell N='LineGradientEnabled' V='0'/><Cell N='FillGradientEnabled' V='0'/><Cell N='FillForegnd' V='#eee1d9' F='THEMEGUARD(RGB(238,225,217))'/><Cell N='FillBkgnd' V='#f2e9e3' F='THEMEGUARD(SHADE(FillForegnd,LUMDIFF(THEMEVAL("FillColor"),THEMEVAL("FillColor2"))))'/><Section N='Field'><Row IX='0'><Cell N='Value' V=' adf' U='STR' F='Sheet.14!Prop.ActionName'/><Cell N='Format' V='esc(0)' U='STR' F='FIELDPICTURE(0)'/><Cell N='Type' V='0'/><Cell N='UICat' V='0'/><Cell N='UICod' V='0'/><Cell N='UIFmt' V='0'/><Cell N='Calendar' V='0'/><Cell N='ObjectKind' V='0'/></Row></Section><Section N='Character'><Row IX='0'><Cell N='Style' V='17'/><Cell N='Size' V='0.08333333333333333'/></Row></Section><Section N='Paragraph'><Row IX='0'><Cell N='HorzAlign' V='0'/></Row></Section><Section N='Geometry' IX='0'><Cell N='NoFill' V='0'/><Cell N='NoLine' V='0'/><Cell N='NoShow' V='0'/><Cell N='NoSnap' V='0'/><Cell N='NoQuickDrag' V='0'/><Row T='RelMoveTo' IX='1'><Cell N='X' V='0'/><Cell N='Y' V='0'/></Row><Row T='RelLineTo' IX='2'><Cell N='X' V='1'/><Cell N='Y' V='0'/></Row><Row T='RelLineTo' IX='3'><Cell N='X' V='1'/><Cell N='Y' V='1'/></Row><Row T='RelLineTo' IX='4'><Cell N='X' V='0'/><Cell N='Y' V='1'/></Row><Row T='RelLineTo' IX='5'><Cell N='X' V='0'/><Cell N='Y' V='0'/></Row></Section><Text><cp IX='0'/><pp IX='0'/><fld IX='0'> adf</fld>
</Text></Shape><Shape ID='21' Type='Shape' LineStyle='3' FillStyle='3' TextStyle='3' UniqueID='{2AE13F7D-58EB-4C8A-B424-ED8C626FB68B}'><Cell N='PinX' V='0.2755905511811024' U='MM' F='GUARD(7MM)'/><Cell N='PinY' V='0.3696455895966979' U='MM' F='GUARD(Sheet.16!Height-Height-0.25MM)'/><Cell N='Width' V='1.023622178156884' U='MM' F='GUARD(Sheet.16!Width-8MM)'/><Cell N='Height' V='0.1324194277518899' U='MM' F='GUARD(TEXTHEIGHT(TheText,2)-2MM)'/><Cell N='LocPinX' V='0' U='MM' F='Width*0'/><Cell N='LocPinY' V='0' U='MM' F='Height*0'/><Cell N='Angle' V='0'/><Cell N='FlipX' V='0'/><Cell N='FlipY' V='0'/><Cell N='ResizeMode' V='0'/><Cell N='LinePattern' V='0'/><Cell N='LineGradientDir' V='0'/><Cell N='LineGradientAngle' V='1.5707963267949' U='DEG'/><Cell N='LineGradientEnabled' V='0'/><Cell N='FillGradientEnabled' V='0'/><Cell N='FillPattern' V='0'/><Section N='Field'><Row IX='0'><Cell N='Value' V='test type' U='STR' F='Sheet.14!Prop.ActionType'/><Cell N='Format' V='esc(0)' U='STR' F='FIELDPICTURE(0)'/><Cell N='Type' V='0'/><Cell N='UICat' V='0'/><Cell N='UICod' V='0'/><Cell N='UIFmt' V='0'/><Cell N='Calendar' V='0'/><Cell N='ObjectKind' V='0'/></Row></Section><Section N='Character'><Row IX='0'><Cell N='Size' V='0.08333333333333333'/></Row></Section><Section N='Paragraph'><Row IX='0'><Cell N='HorzAlign' V='0'/></Row></Section><Section N='LineGradient'><Row IX='0'><Cell N='GradientStopColor' V='#fbf6f5' F='THEMEGUARD(MSOTINT(THEMEVAL("AccentColor"),95))'/><Cell N='GradientStopColorTrans' V='0'/><Cell N='GradientStopPosition' V='0'/></Row><Row IX='1'><Cell N='GradientStopColor' V='#e2b0ab' F='THEMEGUARD(MSOTINT(THEMEVAL("AccentColor"),55))'/><Cell N='GradientStopColorTrans' V='0'/><Cell N='GradientStopPosition' V='0.74'/></Row><Row IX='2'><Cell N='GradientStopColor' V='#e2b0ab' F='THEMEGUARD(MSOTINT(THEMEVAL("AccentColor"),55))'/><Cell N='GradientStopColorTrans' V='0'/><Cell N='GradientStopPosition' V='0.83'/></Row><Row IX='3'><Cell N='GradientStopColor' V='#eccac7' F='THEMEGUARD(MSOTINT(THEMEVAL("AccentColor"),70))'/><Cell N='GradientStopColorTrans' V='0'/><Cell N='GradientStopPosition' V='1'/></Row><Row IX='4' Del='1'/><Row IX='5' Del='1'/><Row IX='6' Del='1'/><Row IX='7' Del='1'/><Row IX='8' Del='1'/><Row IX='9' Del='1'/></Section><Section N='Geometry' IX='0'><Cell N='NoFill' V='0'/><Cell N='NoLine' V='0'/><Cell N='NoShow' V='0'/><Cell N='NoSnap' V='0'/><Cell N='NoQuickDrag' V='0'/><Row T='RelMoveTo' IX='1'><Cell N='X' V='0'/><Cell N='Y' V='0'/></Row><Row T='RelLineTo' IX='2'><Cell N='X' V='1'/><Cell N='Y' V='0'/></Row><Row T='RelLineTo' IX='3'><Cell N='X' V='1'/><Cell N='Y' V='1'/></Row><Row T='RelLineTo' IX='4'><Cell N='X' V='0'/><Cell N='Y' V='1'/></Row><Row T='RelLineTo' IX='5'><Cell N='X' V='0'/><Cell N='Y' V='0'/></Row></Section><Text><cp IX='0'/><pp IX='0'/><fld IX='0'>test type</fld>
</Text></Shape><Shape ID='33' Type='Group' LineStyle='8' FillStyle='8' TextStyle='8' UniqueID='{6CE1DD66-D546-4138-B0B3-F0AF759A2B69}'><Cell N='PinX' V='0.03937007874015748' U='MM' F='GUARD(1MM)'/><Cell N='PinY' V='0.2756870645926822' U='MM' F='GUARD(Sheet.16!Height-6MM)'/><Cell N='Width' V='0.1968503937007874' U='MM' F='GUARD(5MM)'/><Cell N='Height' V='0.1968503937007874' U='MM' F='GUARD(5MM)'/><Cell N='LocPinX' V='0' U='MM'/><Cell N='LocPinY' V='0' U='MM'/><Cell N='Angle' V='0'/><Cell N='FlipX' V='0'/><Cell N='FlipY' V='0'/><Cell N='ResizeMode' V='0'/><Shapes><Shape ID='34' Type='Shape' LineStyle='8' FillStyle='8' TextStyle='8'><Cell N='PinX' V='0.09842519685039369' U='MM' F='Sheet.33!Width*0.5'/><Cell N='PinY' V='0.09842519685039369' U='MM' F='Sheet.33!Height*0.5'/><Cell N='Width' V='0.1968503937007874' U='MM' F='Sheet.33!Width*1'/><Cell N='Height' V='0.1968503937007874' U='MM' F='Sheet.33!Height*1'/><Cell N='LocPinX' V='0.09842519685039369' U='MM' F='Width*0.5'/><Cell N='LocPinY' V='0.09842519685039369' U='MM' F='Height*0.5'/><Cell N='Angle' V='0'/><Cell N='FlipX' V='0'/><Cell N='FlipY' V='0'/><Cell N='ResizeMode' V='0'/><Cell N='FillForegnd' V='#8c3900'/><Section N='Geometry' IX='0'><Cell N='NoFill' V='0'/><Cell N='NoLine' V='0'/><Cell N='NoShow' V='0'/><Cell N='NoSnap' V='0'/><Cell N='NoQuickDrag' V='0'/><Row T='RelMoveTo' IX='1'><Cell N='X' V='0'/><Cell N='Y' V='1'/></Row><Row T='RelLineTo' IX='2'><Cell N='X' V='1'/><Cell N='Y' V='1'/></Row><Row T='RelLineTo' IX='3'><Cell N='X' V='1'/><Cell N='Y' V='0'/></Row><Row T='RelLineTo' IX='4'><Cell N='X' V='0'/><Cell N='Y' V='0'/></Row><Row T='RelLineTo' IX='5'><Cell N='X' V='0'/><Cell N='Y' V='1'/></Row></Section></Shape><Shape ID='35' Type='Shape' LineStyle='8' FillStyle='8' TextStyle='8'><Cell N='PinX' V='0.09842519685039369' U='MM' F='Sheet.33!Width*0.5'/><Cell N='PinY' V='0.09842519685039369' U='MM' F='Sheet.33!Height*0.5'/><Cell N='Width' V='0.09842519685039369' U='MM' F='Sheet.33!Width*0.5'/><Cell N='Height' V='0.07381889763779527' U='MM' F='Sheet.33!Height*0.375'/><Cell N='LocPinX' V='0.04921259842519685' U='MM' F='Width*0.5'/><Cell N='LocPinY' V='0.03690944881889764' U='MM' F='Height*0.5'/><Cell N='Angle' V='0'/><Cell N='FlipX' V='0'/><Cell N='FlipY' V='0'/><Cell N='ResizeMode' V='0'/><Cell N='FillForegnd' V='1'/><Section N='Geometry' IX='0'><Cell N='NoFill' V='0'/><Cell N='NoLine' V='0'/><Cell N='NoShow' V='0'/><Cell N='NoSnap' V='0'/><Cell N='NoQuickDrag' V='0'/><Row T='RelMoveTo' IX='1'><Cell N='X' V='0'/><Cell N='Y' V='1'/></Row><Row T='RelLineTo' IX='2'><Cell N='X' V='1'/><Cell N='Y' V='1'/></Row><Row T='RelLineTo' IX='3'><Cell N='X' V='1'/><Cell N='Y' V='0'/></Row><Row T='RelLineTo' IX='4'><Cell N='X' V='0'/><Cell N='Y' V='0'/></Row><Row T='RelLineTo' IX='5'><Cell N='X' V='0'/><Cell N='Y' V='1'/></Row></Section><Section N='Geometry' IX='1'><Cell N='NoFill' V='0'/><Cell N='NoLine' V='0'/><Cell N='NoShow' V='0'/><Cell N='NoSnap' V='0'/><Cell N='NoQuickDrag' V='0'/><Row T='RelMoveTo' IX='1'><Cell N='X' V='0.9375'/><Cell N='Y' V='0.08333333333333326'/></Row><Row T='RelLineTo' IX='2'><Cell N='X' V='0.9375'/><Cell N='Y' V='0.9166666666666667'/></Row><Row T='RelLineTo' IX='3'><Cell N='X' V='0.0625'/><Cell N='Y' V='0.9166666666666667'/></Row><Row T='RelLineTo' IX='4'><Cell N='X' V='0.0625'/><Cell N='Y' V='0.08333333333333326'/></Row><Row T='RelLineTo' IX='5'><Cell N='X' V='0.9375'/><Cell N='Y' V='0.08333333333333326'/></Row></Section><Section N='Geometry' IX='2'><Cell N='NoFill' V='0'/><Cell N='NoLine' V='0'/><Cell N='NoShow' V='0'/><Cell N='NoSnap' V='0'/><Cell N='NoQuickDrag' V='0'/><Row T='RelMoveTo' IX='1'><Cell N='X' V='0.8125'/><Cell N='Y' V='0.75'/></Row><Row T='RelLineTo' IX='2'><Cell N='X' V='0.8125'/><Cell N='Y' V='0.25'/></Row><Row T='RelLineTo' IX='3'><Cell N='X' V='0.1875'/><Cell N='Y' V='0.25'/></Row><Row T='RelLineTo' IX='4'><Cell N='X' V='0.1875'/><Cell N='Y' V='0.75'/></Row><Row T='RelLineTo' IX='5'><Cell N='X' V='0.8125'/><Cell N='Y' V='0.75'/></Row></Section><Section N='Geometry' IX='3'><Cell N='NoFill' V='0'/><Cell N='NoLine' V='0'/><Cell N='NoShow' V='0'/><Cell N='NoSnap' V='0'/><Cell N='NoQuickDrag' V='0'/><Row T='RelMoveTo' IX='1'><Cell N='X' V='0.75'/><Cell N='Y' V='0.3333333333333333'/></Row><Row T='RelLineTo' IX='2'><Cell N='X' V='0.75'/><Cell N='Y' V='0.6666666666666667'/></Row><Row T='RelLineTo' IX='3'><Cell N='X' V='0.25'/><Cell N='Y' V='0.6666666666666667'/></Row><Row T='RelLineTo' IX='4'><Cell N='X' V='0.25'/><Cell N='Y' V='0.3333333333333333'/></Row><Row T='RelLineTo' IX='5'><Cell N='X' V='0.75'/><Cell N='Y' V='0.3333333333333333'/></Row></Section></Shape></Shapes></Shape></Shapes></Shape></Shapes></Shape></Shapes></MasterContents>