<?xml version='1.0' encoding='utf-8' ?>
<MasterContents xmlns='http://schemas.microsoft.com/office/visio/2012/main' xmlns:r='http://schemas.openxmlformats.org/officeDocument/2006/relationships' xml:space='preserve'><Shapes><Shape ID='5' NameU='case' IsCustomNameU='1' Name='case' IsCustomName='1' Type='Shape' LineStyle='3' FillStyle='3' TextStyle='3' UniqueID='{05F12229-0CB8-4488-B99A-23264630F6CF}'><Cell N='PinX' V='1.053096220153835'/><Cell N='PinY' V='0.07158555883533339'/><Cell N='Width' V='2.089075015126144'/><Cell N='Height' V='0.1324194277518899' U='MM' F='GUARD(TEXTHEIGHT(TheText,2)-2MM)'/><Cell N='LocPinX' V='1.044537507563072' F='Width*0.5'/><Cell N='LocPinY' V='0.06620971387594495' U='MM' F='Height*0.5'/><Cell N='Angle' V='0'/><Cell N='FlipX' V='0'/><Cell N='FlipY' V='0'/><Cell N='ResizeMode' V='0'/><Cell N='LineColor' V='#000000' F='THEMEGUARD(RGB(0,0,0))'/><Cell N='LinePattern' V='1'/><Cell N='LineGradientDir' V='0'/><Cell N='LineGradientAngle' V='1.5707963267949' U='DEG'/><Cell N='LineGradientEnabled' V='0'/><Cell N='ShapeShdwShow' V='2'/><Section N='Field'><Row IX='0'><Cell N='Value' V='Case' U='STR' F='Prop.ActionCase'/><Cell N='Format' V='esc(0)' U='STR' F='FIELDPICTURE(0)'/><Cell N='Type' V='0'/><Cell N='UICat' V='0'/><Cell N='UICod' V='0'/><Cell N='UIFmt' V='0'/><Cell N='Calendar' V='0'/><Cell N='ObjectKind' V='0'/></Row></Section><Section N='Property'><Row N='ActionCase'><Cell N='Value' V='Case' U='STR'/><Cell N='Prompt' V='' F='No Formula'/><Cell N='Label' V='ActionCase'/><Cell N='Format' V='' F='No Formula'/><Cell N='SortKey' V='' F='No Formula'/><Cell N='Type' V='0'/><Cell N='Invisible' V='0' F='No Formula'/><Cell N='Verify' V='0' F='No Formula'/><Cell N='DataLinked' V='0' F='No Formula'/><Cell N='LangID' V='en-GB'/><Cell N='Calendar' V='0' F='No Formula'/></Row></Section><Section N='Character'><Row IX='0'><Cell N='Style' V='17'/><Cell N='Size' V='0.08333333333333333'/></Row></Section><Section N='Paragraph'><Row IX='0'><Cell N='HorzAlign' V='0'/></Row></Section><Section N='LineGradient'><Row IX='0'><Cell N='GradientStopColor' V='#fbf6f5' F='THEMEGUARD(MSOTINT(THEMEVAL("AccentColor"),95))'/><Cell N='GradientStopColorTrans' V='0'/><Cell N='GradientStopPosition' V='0'/></Row><Row IX='1'><Cell N='GradientStopColor' V='#e2b0ab' F='THEMEGUARD(MSOTINT(THEMEVAL("AccentColor"),55))'/><Cell N='GradientStopColorTrans' V='0'/><Cell N='GradientStopPosition' V='0.74'/></Row><Row IX='2'><Cell N='GradientStopColor' V='#e2b0ab' F='THEMEGUARD(MSOTINT(THEMEVAL("AccentColor"),55))'/><Cell N='GradientStopColorTrans' V='0'/><Cell N='GradientStopPosition' V='0.83'/></Row><Row IX='3'><Cell N='GradientStopColor' V='#eccac7' F='THEMEGUARD(MSOTINT(THEMEVAL("AccentColor"),70))'/><Cell N='GradientStopColorTrans' V='0'/><Cell N='GradientStopPosition' V='1'/></Row><Row IX='4' Del='1'/><Row IX='5' Del='1'/><Row IX='6' Del='1'/><Row IX='7' Del='1'/><Row IX='8' Del='1'/><Row IX='9' Del='1'/></Section><Section N='Connection'><Row T='Connection' IX='0'><Cell N='X' V='1.044537507563072' F='GUARD(Width*0.5)'/><Cell N='Y' V='0.1324194222688675' U='MM' F='Height*0.99999995859352'/><Cell N='DirX' V='0'/><Cell N='DirY' V='-1'/><Cell N='Type' V='0'/><Cell N='AutoGen' V='0'/><Cell N='Prompt' V='' F='No Formula'/></Row></Section><Section N='Geometry' IX='0'><Cell N='NoFill' V='0'/><Cell N='NoLine' V='0'/><Cell N='NoShow' V='0'/><Cell N='NoSnap' V='0'/><Cell N='NoQuickDrag' V='0'/><Row T='RelMoveTo' IX='1'><Cell N='X' V='0'/><Cell N='Y' V='0'/></Row><Row T='RelLineTo' IX='2'><Cell N='X' V='1'/><Cell N='Y' V='0'/></Row><Row T='RelLineTo' IX='3'><Cell N='X' V='1'/><Cell N='Y' V='1'/></Row><Row T='RelLineTo' IX='4'><Cell N='X' V='0'/><Cell N='Y' V='1'/></Row><Row T='RelLineTo' IX='5'><Cell N='X' V='0'/><Cell N='Y' V='0'/></Row></Section><Text><cp IX='0'/><pp IX='0'/><fld IX='0'>Case</fld>
</Text></Shape></Shapes></MasterContents>