<?xml version='1.0' encoding='utf-8' ?>
<Windows ClientWidth='2276' ClientHeight='1227' xmlns='http://schemas.microsoft.com/office/visio/2012/main' xmlns:r='http://schemas.openxmlformats.org/officeDocument/2006/relationships' xml:space='preserve'><Window ID='0' WindowType='Drawing' WindowState='268435456' WindowLeft='0' WindowTop='0' WindowWidth='1851' WindowHeight='727' ContainerType='Page' Page='0' ViewScale='2.0108333333333' ViewCenterX='3.0770825769743' ViewCenterY='13.227828889401'><ShowRulers>1</ShowRulers><ShowGrid>0</ShowGrid><ShowPageBreaks>1</ShowPageBreaks><ShowGuides>1</ShowGuides><ShowConnectionPoints>1</ShowConnectionPoints><GlueSettings>9</GlueSettings><SnapSettings>65847</SnapSettings><SnapExtensions>34</SnapExtensions><SnapAngles/><DynamicGridEnabled>1</DynamicGridEnabled><TabSplitterPos>0.5</TabSplitterPos></Window><Window ID='1' WindowType='Drawing' WindowState='268435456' WindowLeft='-24' WindowTop='0' WindowWidth='1899' WindowHeight='743' ContainerType='Page' Page='0' ViewScale='1.33' ViewCenterX='3.0393701700337' ViewCenterY='9.9094491165476'><ShowRulers>1</ShowRulers><ShowGrid>0</ShowGrid><ShowPageBreaks>1</ShowPageBreaks><ShowGuides>1</ShowGuides><ShowConnectionPoints>1</ShowConnectionPoints><GlueSettings>9</GlueSettings><SnapSettings>65847</SnapSettings><SnapExtensions>34</SnapExtensions><SnapAngles/><DynamicGridEnabled>1</DynamicGridEnabled><TabSplitterPos>0.5</TabSplitterPos></Window><Window ID='2' WindowType='Stencil' WindowState='1025' WindowLeft='0' WindowTop='-10' WindowWidth='247' WindowHeight='701' Document='C:\Program Files\Microsoft Office\Root\Office16\visio content\1033\BASIC_M.vssx' ParentWindow='1'><StencilGroup>10</StencilGroup><StencilGroupPos>1</StencilGroupPos></Window><Window ID='3' WindowType='Stencil' WindowState='67109889' WindowLeft='0' WindowTop='-10' WindowWidth='247' WindowHeight='701' Document='D:\OneDrive\Documents\My Shapes\Stencil8.vssx' ParentWindow='1'><StencilGroup>10</StencilGroup><StencilGroupPos>2</StencilGroupPos></Window></Windows>